Workbook

Sheet TEG_Syncronous_Pipeline_回路規模
A1: TEGパターン(N=Reg段、M＝Logic段) | B1: Registers | C1: LUTs | D1: Slices | G1: TEGパターン | H1: Registers | I1: Implementation LUTs | J1: Slices | K1: Synthesis LUTs
A2: 100N16M | B2: 3351 | C2: 30226 | D2: 7759 | G2: 400N5M | H2: 9786 | I2: 32416 | J2: 8424 | K2: 48094
A3: 100N12M | B3: 3351 | C3: 26451 | D3: 7707 | G3: 300N4M | H3: 9786 | I3: 30884 | J3: 8426 | K3: 38497
A4: 100N8M | B4: 3351 | C4: 22184 | D4: 7431 | G4: 300N3M | H4: 9786 | I4: 22896 | J4: 8408 | K4: 28897
A5: 100N4M | B5: 3351 | C5: 12566 | D5: 5013 | G5: 300N2M | H5: 9786 | I5: 15328 | J5: 8363 | K5: 19297
A6: 100N2M | B6: 3351 | C6: 6432 | D6: 3969 | G6: 300N1M | H6: 9786 | I6: 7830 | J6: 8270 | K6: 9697
A7: 100N1M | B7: 3351 | C7: 3255 | D7: 3650 | G7: 300N0M | H7: 9786 | I7: 96 | J7: 6553
A8: 100N0M | B8: 3351 | C8: 96 | D8: 3283
A10: TEGパターン | B10: Implementation LUTs | C10: Assunption LU s | D10: Synthesis LUTs
A11: 100N16M | B11: 30226 | C11: =16*32*100 -> 51200 | D11: 51293
A12: 100N12M | B12: 26451 | C12: =12*32*100 -> 38400 | D12: 38497
A13: 100N8M | B13: 22184 | C13: =8*32*100 -> 25600 | D13: 25697
A14: 100N4M | B14: 12566 | C14: =4*32*100 -> 12800 | D14: 12897
A15: 100N2M | B15: 6432 | C15: =2*32*100 -> 6400 | D15: 6497
A16: 100N1M | B16: 3255 | C16: =1*32*100 -> 3200 | D16: 3297
B18: Implementation LUTs | C18: Assunption LUT s | D18: Synthesis LUTs | E18: Reg | F18: Slice
A19: 400N3M | B19: 28734 | C19: =3*32*400 -> 38400 | D19: 38494 | E19: 12986 | F19: 7690
A20: 400N2M | B20: 25574 | C20: =2*32*400 -> 25600 | D20: 25697 | E20: 12986 | F20: 7693
A22: 200N8M | B22: 31691 | C22: =8*32*200 -> 51200 | D22: 51293 | E22: 6586 | F22: 8176
A23: 200N4M | B23: 22871 | C23: =4*32*200 -> 25600 | D23: 25697 | E23: 6586 | F23: 8030
A25: 50N16M | B25: 16895 | C25: =16*32*50 -> 25600 | E25: 1786 | F25: 4416
A26: 50N8M | B26: 11467 | C26: =8*32*50 -> 12800 | E26: 1786 | F26: 4064

Sheet 電力データ_0610までに取得分
A1: 旧方法 | B1: 43 | C1: 35 | D1: 40 | E1: 30 | F1: 25 | G1: 20 | L1: 新しい方法 | M1: 0.40625 | N1: 0.40972222 | O1: 0.038194444 | P1: 0.39930556 | R1: 0.39583333 | U1: 0.39583333 | Z1: 0.375 | AB1: 62.5MHz | AH1: 125MHz | AI1: 0.017361111 | AJ1: 0.40625 | AK1: 0.39930556
B2: 100N16M | C2: 100N12M | D2: 100N8M | E2: 100N4M | F2: 100N2M | G2: 100N1M | L2: RouteR社 | M2: 100N16M | N2: 100N12M | O2: 100N8M | P2: 100N4M | Q2: 100N2M | R2: 100N1M | T2: COOWOO社 | U2: 100N16M | V2: 100N12M | W2: 100N8M | X2: 100N4M | Y2: 100N2M | Z2: 100N1M | AB2: RouteR社 | AC2: 300N4M | AD2: 300N3M | AE2: 300N2M | AF2: 300N1M | AH2: RouteR社 | AI2: 300N4M | AJ2: 300N3M | AK2: 300N2M | AL2: 300N1M
A3: 0 | B3: 1.514 | C3: 1.512 | D3: 1.502 | E3: 1.512 | F3: 1.509 | G3: 1.512 | L3: 0 | M3: 1.952 | N3: 1.879 | O3: 1.793 | P3: 1.705 | Q3: 1.666 | R3: 1.659 | T3: 0 | U3: 1.911 | V3: 1.833 | W3: 1.736 | X3: 1.645 | Y3: 1.607 | Z3: 1.585 | AB3: 0 | AH3: 0 | AI3: 2.435 | AJ3: 2.347 | AK3: 2.207 | AL3: 2.051
A4: 0 | B4: 1.514 | C4: 1.512 | D4: 1.522 | E4: 1.522 | F4: 1.509 | G4: 1.512 | L4: 0 | M4: 1.965 | N4: 1.879 | O4: 1.801 | P4: 1.705 | Q4: 1.653 | R4: 1.649 | T4: 0 | U4: 1.911 | V4: 1.833 | W4: 1.736 | X4: 1.645 | Y4: 1.607 | Z4: 1.585 | AB4: 0 | AH4: 0 | AI4: 2.43 | AJ4: 2.347 | AK4: 2.207 | AL4: 2.064
A5: 1 | B5: 1.514 | C5: 1.512 | D5: 1.522 | E5: 1.522 | F5: 1.502 | G5: 1.512 | L5: 1 | M5: 1.962 | N5: 1.879 | O5: 1.796 | P5: 1.702 | Q5: 1.666 | R5: 1.649 | T5: 1 | U5: 1.911 | V5: 1.833 | W5: 1.736 | X5: 1.648 | Y5: 1.615 | Z5: 1.595 | AB5: 1 | AH5: 1 | AI5: 2.43 | AJ5: 2.347 | AK5: 2.211 | AL5: 2.064
A6: 1 | B6: 1.504 | C6: 1.519 | D6: 1.502 | E6: 1.512 | F6: 1.502 | G6: 1.512 | L6: 1 | M6: 1.965 | N6: 1.886 | O6: 1.801 | P6: 1.715 | Q6: 1.666 | R6: 1.656 | T6: 1 | U6: 1.916 | V6: 1.833 | W6: 1.736 | X6: 1.648 | Y6: 1.615 | Z6: 1.595 | AB6: 1 | AH6: 1 | AI6: 2.44 | AJ6: 2.347 | AK6: 2.197 | AL6: 2.064
A7: 2 | B7: 1.504 | C7: 1.519 | D7: 1.512 | E7: 1.512 | F7: 1.502 | G7: 1.512 | L7: 2 | M7: 1.975 | N7: 1.889 | O7: 1.801 | P7: 1.705 | Q7: 1.656 | R7: 1.656 | T7: 2 | U7: 1.916 | V7: 1.833 | W7: 1.736 | X7: 1.648 | Y7: 1.615 | Z7: 1.585 | AB7: 2 | AH7: 2 | AI7: 2.445 | AJ7: 2.347 | AK7: 2.211 | AL7: 2.061
A8: 2 | B8: 1.504 | C8: 1.509 | D8: 1.509 | E8: 1.499 | F8: 1.502 | G8: 1.512 | L8: 2 | M8: 1.982 | N8: 1.89 | O8: 1.896 | P8: 1.702 | Q8: 1.666 | R8: 1.666 | T8: 2 | U8: 1.916 | V8: 1.833 | W8: 1.736 | X8: 1.648 | Y8: 1.615 | Z8: 1.585 | AB8: 2 | AH8: 2 | AI8: 2.43 | AJ8: 2.347 | AK8: 2.211 | AL8: 2.064
A9: 3 | B9: 1.504 | C9: 1.512 | D9: 1.509 | E9: 1.499 | F9: 1.512 | G9: 1.509 | L9: 3 | M9: 1.955 | N9: 1.889 | O9: 1.798 | P9: 1.712 | Q9: 1.656 | R9: 1.656 | T9: 3 | U9: 1.916 | V9: 1.833 | W9: 1.736 | X9: 1.648 | Y9: 1.605 | Z9: 1.585 | AB9: 3 | AH9: 3 | AI9: 2.44 | AJ9: 2.343 | AK9: 2.2 | AL9: 2.064
A10: 3 | B10: 1.512 | C10: 1.512 | D10: 1.499 | E10: 1.512 | F10: 1.509 | G10: 1.512 | L10: 3 | M10: 1.965 | N10: 1.896 | O10: 1.801 | P10: 1.712 | Q10: 1.666 | R10: 1.656 | T10: 3 | U10: 1.916 | V10: 1.823 | W10: 1.736 | X10: 1.648 | Y10: 1.605 | Z10: 1.585 | AB10: 3 | AH10: 3 | AI10: 2.455 | AJ10: 2.352 | AK10: 2.211 | AL10: 2.064
A11: 4 | B11: 1.504 | C11: 1.499 | D11: 1.512 | E11: 1.512 | F11: 1.512 | G11: 1.512 | L11: 4 | M11: 1.965 | N11: 1.889 | O11: 1.801 | P11: 1.705 | Q11: 1.656 | R11: 1.646 | T11: 4 | U11: 1.916 | V11: 1.823 | W11: 1.736 | X11: 1.645 | Y11: 1.605 | Z11: 1.585 | AB11: 4 | AH11: 4 | AI11: 2.455 | AJ11: 2.339 | AK11: 2.211 | AL11: 2.061
A12: 4 | B12: 1.504 | C12: 1.512 | D12: 1.512 | E12: 1.512 | F12: 1.502 | G12: 1.512 | L12: 4 | M12: 1.965 | N12: 1.889 | O12: 1.801 | P12: 1.705 | Q12: 1.656 | R12: 1.656 | T12: 4 | U12: 1.916 | V12: 1.833 | W12: 1.736 | X12: 1.645 | Y12: 1.605 | Z12: 1.585 | AB12: 4 | AH12: 4 | AI12: 2.445 | AJ12: 2.339 | AK12: 2.211 | AL12: 2.061
A13: 5 | B13: 1.504 | C13: 1.512 | D13: 1.509 | E13: 1.512 | F13: 1.502 | G13: 1.502 | L13: 5 | M13: 1.975 | N13: 1.886 | O13: 1.798 | P13: 1.705 | Q13: 1.656 | R13: 1.646 | T13: 5 | U13: 1.911 | V13: 1.833 | W13: 1.736 | X13: 1.648 | Y13: 1.605 | Z13: 1.585 | AB13: 5 | AH13: 5 | AI13: 2.44 | AJ13: 2.333 | AK13: 2.2 | AL13: 2.051
A14: 5 | B14: 1.504 | C14: 1.512 | D14: 1.509 | E14: 1.512 | F14: 1.509 | G14: 1.525 | L14: 5 | M14: 1.965 | N14: 1.886 | O14: 1.796 | P14: 1.702 | Q14: 1.666 | R14: 1.646 | T14: 5 | U14: 1.911 | V14: 1.833 | W14: 1.736 | X14: 1.648 | Y14: 1.605 | Z14: 1.585 | AB14: 5 | AH14: 5 | AI14: 2.44 | AJ14: 2.348 | AK14: 2.2 | AL14: 2.051
... A64: 30 | B64: 1.494 | C64: 1.522 | D64: 1.512 | E64: 1.512 | F64: 1.502 | G64: 1.502 | L64: 30 | M64: 1.962 | N64: 1.889 | O64: 1.801 | P64: 1.705 | Q64: 1.656 | R64: 1.656 | T64: 30 | U64: 1.916 | V64: 1.833 | W64: 1.742 | X64: 1.645 | Y64: 1.607 | Z64: 1.585 | AB64: 30 | AH64: 30 | AI64: 2.43 | AJ64: 2.347 | AK64: 2.2 | AL64: 2.064
B65: =AVERAGE(B3:B64) -> 1.5054032 | C65: =AVERAGE(C3:C64) -> 1.5122097 | D65: =AVERAGE(D3:D64) -> 1.5075323 | E65: =AVERAGE(E3:E64) -> 1.512371 | F65: =AVERAGE(F3:F64) -> 1.5099516 | G65: =AVERAGE(G3:G64) -> 1.5109194 | M65: =AVERAGE(M3:M64) -> 1.9663226 | N65: =AVERAGE(N3:N64) -> 1.8869839 | O65: =AVERAGE(O3:O64) -> 1.798871 | P65: =AVERAGE(P3:P64) -> 1.7064839 | Q65: =AVERAGE(Q3:Q64) -> 1.6622097 | R65: =AVERAGE(R3:R64) -> 1.6520161 | U65: =AVERAGE(U3:U64) -> 1.9135 | V65: =AVERAGE(V3:V64) -> 1.8320323 | W65: =AVERAGE(W3:W64) -> 1.7371613 | X65: =AVERAGE(X3:X64) -> 1.6475645 | Y65: =AVERAGE(Y3:Y64) -> 1.6071613 | Z65: =AVERAGE(Z3:Z64) -> 1.5851855 | AI65: =AVERAGE(AI3:AI64) -> 2.4355806 | AJ65: =AVERAGE(AJ3:AJ64) -> 2.3450484 | AK65: =AVERAGE(AK3:AK64) -> 2.2052903 | AL65: =AVERAGE(AL3:AL64) -> 2.0589516
A66: 室温 | B66: 27℃ | C66: 28℃ | D66: 28℃ | E66: 28℃ | F66: 28℃ | G66: 27℃ | L66: 室温
AE79: 62.5MHz | AF79: 125MHz
AD80: 300N4M | AE80: 1.928 | AF80: 2.4355
AD81: 300N3M | AE81: 1.9 | AF81: 2.345
AD82: 300N2M | AE82: 1.818 | AF82: 2.2052
AD83: 300N1M | AE83: 1.776 | AF83: 2.0589
AA86: 1.928 | AB86: 1.9 | AC86: 1.818 | AD86: 1.776 | AG86: 2.4355 | AH86: 2.345 | AI86: 2.2052 | AJ86: 2.0589
L95: RouteR社 | M95: COOWOO社 | N95: 推定
K96: 100N16M | L96: =M65 -> 1.9663226 | M96: =U65 -> 1.9135 | N96: 0.542 | O96: =L96-N96 -> 1.4243226 | P96: =M96-N96 -> 1.3715 | Q96: =L96-M96 -> 0.052822581
K97: 100N12M | L97: =N65 -> 1.8869839 | M97: =V65 -> 1.8320323 | N97: 0.466 | O97: =L97-N97 -> 1.4209839 | P97: =M97-N97 -> 1.3660323 | Q97: =L97-M97 -> 0.054951613
K98: 100N8M | L98: =O65 -> 1.798871 | M98: =W65 -> 1.7371613 | N98: 0.368 | O98: =L98-N98 -> 1.430871 | P98: =M98-N98 -> 1.3691613 | Q98: =L98-M98 -> 0.061709677
K99: 100N4M | L99: =P65 -> 1.7064839 | M99: =X65 -> 1.6475645 | N99: 0.27 | O99: =L99-N99 -> 1.4364839 | P99: =M99-N99 -> 1.3775645 | Q99: =L99-M99 -> 0.058919355
K100: 100N2M | L100: =Q65 -> 1.6622097 | M100: =Y65 -> 1.6071613 | N100: 0.22 | O100: =L100-N100 -> 1.4422097 | P100: =M100-N100 -> 1.3871613 | Q100: =L100-M100 -> 0.055048387
K101: 100N1M | L101: =R65 -> 1.6520161 | M101: =Z65 -> 1.5851855 | N101: 0.197 | O101: =L101-N101 -> 1.4550161 | P101: =M101-N101 -> 1.3881855 | Q101: =L101-M101 -> 0.066830645

Sheet 電力データ_0610以降_100N
B1: データ | L1: InputData停止 | V1: 配置配線固定なし
B2: RouteR社 | C2: 100N16M | D2: 100N12M | E2: 100N8M | F2: 100N4M | G2: 100N2M | H2: 100N1M | I2: 100N0M | L2: RouteR社 | M2: 100N16M | N2: 100N12M | O2: 100N8M | P2: 100N4M | Q2: 100N2M | R2: 100N1M | V2: RouteR社 | W2: 100N16M | X2: 100N12M | Y2: 100N8M | Z2: 100N4M | AA2: 100N2M | AB2: 100N1M
B3: 0 | C3: 1.886 | D3: 1.815 | E3: 1.726 | F3: 1.636 | G3: 1.585 | H3: 1.572 | I3: 1.552 | L3: 0 | M3: 1.512 | N3: 1.515 | O3: 1.509 | P3: 1.499 | Q3: 1.504 | R3: 1.504 | V3: 0 | Y3: 1.722
B4: 0 | C4: 1.899 | D4: 1.815 | E4: 1.719 | F4: 1.633 | G4: 1.585 | H4: 1.575 | I4: 1.552 | L4: 0 | M4: 1.512 | N4: 1.515 | O4: 1.496 | P4: 1.499 | Q4: 1.504 | R4: 1.504 | V4: 0 | Y4: 1.729
B5: 1 | C5: 1.896 | D5: 1.815 | E5: 1.719 | F5: 1.636 | G5: 1.578 | H5: 1.567 | I5: 1.55 | L5: 1 | M5: 1.512 | N5: 1.492 | O5: 1.509 | P5: 1.499 | Q5: 1.517 | R5: 1.501 | V5: 1 | Y5: 1.722
B6: 1 | C6: 1.896 | D6: 1.818 | E6: 1.729 | F6: 1.636 | G6: 1.598 | H6: 1.575 | I6: 1.552 | L6: 1 | M6: 1.512 | N6: 1.492 | O6: 1.509 | P6: 1.499 | Q6: 1.504 | R6: 1.501 | V6: 1 | Y6: 1.719
B7: 2 | C7: 1.889 | D7: 1.805 | E7: 1.729 | F7: 1.633 | G7: 1.598 | H7: 1.575 | I7: 1.552 | L7: 2 | M7: 1.512 | N7: 1.502 | O7: 1.499 | P7: 1.509 | Q7: 1.494 | R7: 1.501 | V7: 2 | Y7: 1.719
B8: 2 | C8: 1.886 | D8: 1.805 | E8: 1.729 | F8: 1.633 | G8: 1.598 | H8: 1.572 | I8: 1.552 | L8: 2 | M8: 1.512 | N8: 1.502 | O8: 1.499 | P8: 1.506 | Q8: 1.494 | R8: 1.494 | V8: 2 | Y8: 1.719
B9: 3 | C9: 1.896 | D9: 1.815 | E9: 1.719 | F9: 1.633 | G9: 1.588 | H9: 1.57 | I9: 1.54 | L9: 3 | M9: 1.512 | N9: 1.502 | O9: 1.499 | P9: 1.496 | Q9: 1.494 | R9: 1.494 | V9: 3 | Y9: 1.719
B10: 3 | C10: 1.896 | D10: 1.815 | E10: 1.729 | F10: 1.633 | G10: 1.588 | H10: 1.57 | I10: 1.552 | L10: 3 | M10: 1.512 | N10: 1.512 | O10: 1.509 | P10: 1.496 | Q10: 1.504 | R10: 1.494 | V10: 3 | Y10: 1.729
B11: 4 | C11: 1.889 | D11: 1.815 | E11: 1.719 | F11: 1.643 | G11: 1.588 | H11: 1.56 | I11: 1.552 | L11: 4 | M11: 1.512 | N11: 1.502 | O11: 1.519 | P11: 1.509 | Q11: 1.504 | R11: 1.506 | V11: 4 | Y11: 1.719
B12: 4 | C12: 1.899 | D12: 1.805 | E12: 1.719 | F12: 1.633 | G12: 1.588 | H12: 1.572 | I12: 1.542 | L12: 4 | M12: 1.512 | N12: 1.502 | O12: 1.509 | P12: 1.496 | Q12: 1.496 | R12: 1.504 | V12: 4 | Y12: 1.722
B13: 5 | C13: 1.945 | D13: 1.805 | E13: 1.722 | F13: 1.643 | G13: 1.598 | H13: 1.57 | I13: 1.54 | L13: 5 | M13: 1.499 | N13: 1.512 | O13: 1.509 | P13: 1.509 | Q13: 1.494 | R13: 1.509 | V13: 5 | Y13: 1.719
B14: 5 | C14: 1.889 | D14: 1.815 | E14: 1.729 | F14: 1.633 | G14: 1.585 | H14: 1.567 | I14: 1.54 | L14: 5 | M14: 1.509 | N14: 1.492 | O14: 1.509 | P14: 1.499 | Q14: 1.494 | R14: 1.506 | V14: 5 | Y14: 1.719
... B64: 30 | C64: 1.899 | D64: 1.815 | E64: 1.726 | F64: 1.646 | G64: 1.598 | H64: 1.575 | I64: 1.552 | L64: 30 | M64: 1.512 | N64: 1.515 | O64: 1.506 | P64: 1.506 | Q64: 1.504 | R64: 1.506 | V64: 30 | Y64: 1.732
B65: 平均 | C65: =AVERAGE(C3:C64) -> 1.8938226 | D65: =AVERAGE(D3:D64) -> 1.8137097 | E65: =AVERAGE(E3:E64) -> 1.7232742 | F65: =AVERAGE(F3:F64) -> 1.6362419 | G65: =AVERAGE(G3:G64) -> 1.5922097 | H65: =AVERAGE(H3:H64) -> 1.5545 | I65: =AVERAGE(I3:I64) -> 1.5473065 | M65: =AVERAGE(M3:M64) -> 1.5085 | N65: =AVERAGE(N3:N64) -> 1.5056774 | O65: =AVERAGE(O3:O64) -> 1.5056452 | P65: =AVERAGE(P3:P64) -> 1.5045806 | Q65: =AVERAGE(Q3:Q64) -> 1.5017419 | R65: =AVERAGE(R3:R64) -> 1.502871 | Y65: =AVERAGE(Y3:Y64) -> 1.7223871
A69: ①
B70: グラフ | C70: (1)テスト回路動作時電力 | M70: (2)テスト回路ごとに電力とLUT数を比較
C71: 100N16M | D71: =1.893823 -> 1.893823 | M71: (実測) | O71: LUT | P71: POWER
C72: 100N12M | D72: 1.81371 | N72: 16M-12M | O72: =TEG_Syncronous_Pipeline_回路規模!$C$2-TEG_Syncronous_Pipeline_回路規模!$C$3 -> 3775 | P72: =$C$65-$D$65 -> 0.080112903
C73: 100N8M | D73: 1.723274 | N73: 16M-8M | O73: =TEG_Syncronous_Pipeline_回路規模!$C$2-TEG_Syncronous_Pipeline_回路規模!$C$4 -> 8042 | P73: =$C$65-$E$65 -> 0.17054839
C74: 100N4M | D74: 1.636242 | N74: 16M-4M | O74: =TEG_Syncronous_Pipeline_回路規模!$C$2-TEG_Syncronous_Pipeline_回路規模!$C$5 -> 17660 | P74: =$C$65-$F$65 -> 0.25758065
C75: 100N2M | D75: 1.59221 | N75: 16M-2M | O75: =TEG_Syncronous_Pipeline_回路規模!$C$2-TEG_Syncronous_Pipeline_回路規模!$C$6 -> 23794 | P75: =$C$65-$G$65 -> 0.3016129
C76: 100N1M | D76: 1.5545 | N76: 16M-1M | O76: =TEG_Syncronous_Pipeline_回路規模!$C$2-TEG_Syncronous_Pipeline_回路規模!$C$7 -> 26971 | P76: =$C$65-$H$65 -> 0.33932258
N77: 12M -8M | O77: =TEG_Syncronous_Pipeline_回路規模!$C$3-TEG_Syncronous_Pipeline_回路規模!$C$4 -> 4267 | P77: =$D$65-$E$65 -> 0.090435484
N78: 12M-4M | O78: =TEG_Syncronous_Pipeline_回路規模!$C$3-TEG_Syncronous_Pipeline_回路規模!$C$5 -> 13885 | P78: =$D$65-$F$65 -> 0.17746774
N79: 12M-2M | O79: =TEG_Syncronous_Pipeline_回路規模!$C$3-TEG_Syncronous_Pipeline_回路規模!$C$6 -> 20019 | P79: =$D$65-$G$65 -> 0.2215
N80: 12M-1M | O80: =TEG_Syncronous_Pipeline_回路規模!$C$3-TEG_Syncronous_Pipeline_回路規模!$C$7 -> 23196 | P80: =$D$65-$H$65 -> 0.25920968
N81: 8M-4M | O81: =TEG_Syncronous_Pipeline_回路規模!$C$4-TEG_Syncronous_Pipeline_回路規模!$C$5 -> 9618 | P81: =$E$65-$F$65 -> 0.087032258
N82: 8M-2M | O82: =TEG_Syncronous_Pipeline_回路規模!$C$4-TEG_Syncronous_Pipeline_回路規模!$C$6 -> 15752 | P82: =$E$65-$G$65 -> 0.13106452
N83: 8M-1M | O83: =TEG_Syncronous_Pipeline_回路規模!$C$4-TEG_Syncronous_Pipeline_回路規模!$C$7 -> 18929 | P83: =$E$65-$H$65 -> 0.16877419
N84: 4M-2M | O84: =TEG_Syncronous_Pipeline_回路規模!$C$5-TEG_Syncronous_Pipeline_回路規模!$C$6 -> 6134 | P84: =$F$65-$G$65 -> 0.044032258
N85: 4M-1M | O85: =TEG_Syncronous_Pipeline_回路規模!$C$5-TEG_Syncronous_Pipeline_回路規模!$C$7 -> 9311 | P85: =$F$65-$H$65 -> 0.081741935
N86: 2M-1M | O86: =TEG_Syncronous_Pipeline_回路規模!$C$6-TEG_Syncronous_Pipeline_回路規模!$C$7 -> 3177 | P86: =$G$65-$H$65 -> 0.037709677
A89: ②
A90: 2024/6/19に取得したデータ
B91: (1)テスト回路動作時電力 | F91: (2)テスト回路ごとに電力とLUT数を比較
C92: do | G92: LUT | H92: POWER
B93: 100N16M | C93: =$C$65-$M$65 -> 0.38532258 | F93: 16M-12M | G93: =TEG_Syncronous_Pipeline_回路規模!$C$2-TEG_Syncronous_Pipeline_回路規模!$C$3 -> 3775 | H93: =$C$93-$C$94 -> 0.077290323
B94: 100N12M | C94: =$D$65-$N$65 -> 0.30803226 | F94: 16M-8M | G94: =TEG_Syncronous_Pipeline_回路規模!$C$2-TEG_Syncronous_Pipeline_回路規模!$C$4 -> 8042 | H94: =$C$93-$C$95 -> 0.16769355
B95: 100N8M | C95: =$E$65-$O$65 -> 0.21762903 | F95: 16M-4M | G95: =TEG_Syncronous_Pipeline_回路規模!$C$2-TEG_Syncronous_Pipeline_回路規模!$C$5 -> 17660 | H95: =$C$93-$C$96 -> 0.25366129
B96: 100N4M | C96: =$F$65-$P$65 -> 0.13166129 | F96: 16M-2M | G96: =TEG_Syncronous_Pipeline_回路規模!$C$2-TEG_Syncronous_Pipeline_回路規模!$C$6 -> 23794 | H96: =$C$93-$C$97 -> 0.29485484
B97: 100N2M | C97: =$G$65-$Q$65 -> 0.090467742 | F97: 16M-1M | G97: =TEG_Syncronous_Pipeline_回路規模!$C$2-TEG_Syncronous_Pipeline_回路規模!$C$7 -> 26971 | H97: =$C$93-$C$98 -> 0.33369355
B98: 100N1M | C98: =$H$65-$R$65 -> 0.051629032 | F98: 12M -8M | G98: =TEG_Syncronous_Pipeline_回路規模!$C$3-TEG_Syncronous_Pipeline_回路規模!$C$4 -> 4267 | H98: =$C$94-$C$95 -> 0.090403226 | V98: LUT | W98: Plan.1 Power | X98: Plan.2 Power | Y98: Estimation
F99: 12M-4M | G99: =TEG_Syncronous_Pipeline_回路規模!$C$3-TEG_Syncronous_Pipeline_回路規模!$C$5 -> 13885 | H99: =$C$94-$C$96 -> 0.17637097 | U99: 16M-12M | V99: =TEG_Syncronous_Pipeline_回路規模!$C$2-TEG_Syncronous_Pipeline_回路規模!$C$3 -> 3775 | W99: =$C$65-$D$65 -> 0.080112903 | X99: =$C$93-$C$94 -> 0.077290323 | Y99: =$C$130-$C$131 -> 0.076
F100: 12M-2M | G100: =TEG_Syncronous_Pipeline_回路規模!$C$3-TEG_Syncronous_Pipeline_回路規模!$C$6 -> 20019 | H100: =$C$94-$C$97 -> 0.21756452 | U100: 16M-8M | V100: =TEG_Syncronous_Pipeline_回路規模!$C$2-TEG_Syncronous_Pipeline_回路規模!$C$4 -> 8042 | W100: =$C$65-$E$65 -> 0.17054839 | X100: =$C$93-$C$95 -> 0.16769355 | Y100: =$C$130-$C$132 -> 0.174
F101: 12M-1M | G101: =TEG_Syncronous_Pipeline_回路規模!$C$3-TEG_Syncronous_Pipeline_回路規模!$C$7 -> 23196 | H101: =$C$94-$C$98 -> 0.25640323 | U101: 16M-4M | V101: =TEG_Syncronous_Pipeline_回路規模!$C$2-TEG_Syncronous_Pipeline_回路規模!$C$5 -> 17660 | W101: =$C$65-$F$65 -> 0.25758065 | X101: =$C$93-$C$96 -> 0.25366129 | Y101: =$C$130-$C$133 -> 0.272
F102: 8M-4M | G102: =TEG_Syncronous_Pipeline_回路規模!$C$4-TEG_Syncronous_Pipeline_回路規模!$C$5 -> 9618 | H102: =$C$95-$C$96 -> 0.085967742 | U102: 16M-2M | V102: =TEG_Syncronous_Pipeline_回路規模!$C$2-TEG_Syncronous_Pipeline_回路規模!$C$6 -> 23794 | W102: =$C$65-$G$65 -> 0.3016129 | X102: =$C$93-$C$97 -> 0.29485484 | Y102: =$C$130-$C$134 -> 0.322
F103: 8M-2M | G103: =TEG_Syncronous_Pipeline_回路規模!$C$4-TEG_Syncronous_Pipeline_回路規模!$C$6 -> 15752 | H103: =$C$95-$C$97 -> 0.12716129 | U103: 16M-1M | V103: =TEG_Syncronous_Pipeline_回路規模!$C$2-TEG_Syncronous_Pipeline_回路規模!$C$7 -> 26971 | W103: =$C$65-$H$65 -> 0.33932258 | X103: =$C$93-$C$98 -> 0.33369355 | Y103: =$C$130-$C$135 -> 0.345
F104: 8M-1M | G104: =TEG_Syncronous_Pipeline_回路規模!$C$4-TEG_Syncronous_Pipeline_回路規模!$C$7 -> 18929 | H104: =$C$95-$C$98 -> 0.166 | U104: 12M -8M | V104: =TEG_Syncronous_Pipeline_回路規模!$C$3-TEG_Syncronous_Pipeline_回路規模!$C$4 -> 4267 | W104: =$D$65-$E$65 -> 0.090435484 | X104: =$C$94-$C$95 -> 0.090403226 | Y104: =$C$131-$C$132 -> 0.098
F105: 4M-2M | G105: =TEG_Syncronous_Pipeline_回路規模!$C$5-TEG_Syncronous_Pipeline_回路規模!$C$6 -> 6134 | H105: =$C$96-$C$97 -> 0.041193548 | U105: 12M-4M | V105: =TEG_Syncronous_Pipeline_回路規模!$C$3-TEG_Syncronous_Pipeline_回路規模!$C$5 -> 13885 | W105: =$D$65-$F$65 -> 0.17746774 | X105: =$C$94-$C$96 -> 0.17637097 | Y105: =$C$131-$C$133 -> 0.196
F106: 4M-1M | G106: =TEG_Syncronous_Pipeline_回路規模!$C$5-TEG_Syncronous_Pipeline_回路規模!$C$7 -> 9311 | H106: =$C$96-$C$98 -> 0.080032258 | U106: 12M-2M | V106: =TEG_Syncronous_Pipeline_回路規模!$C$3-TEG_Syncronous_Pipeline_回路規模!$C$6 -> 20019 | W106: =$D$65-$G$65 -> 0.2215 | X106: =$C$94-$C$97 -> 0.21756452 | Y106: =$C$131-$C$134 -> 0.246
F107: 2M-1M | G107: =TEG_Syncronous_Pipeline_回路規模!$C$6-TEG_Syncronous_Pipeline_回路規模!$C$7 -> 3177 | H107: =$C$97-$C$98 -> 0.03883871 | U107: 12M-1M | V107: =TEG_Syncronous_Pipeline_回路規模!$C$3-TEG_Syncronous_Pipeline_回路規模!$C$7 -> 23196 | W107: =$D$65-$H$65 -> 0.25920968 | X107: =$C$94-$C$98 -> 0.25640323 | Y107: =$C$131-$C$135 -> 0.269
U108: 8M-4M | V108: =TEG_Syncronous_Pipeline_回路規模!$C$4-TEG_Syncronous_Pipeline_回路規模!$C$5 -> 9618 | W108: =$E$65-$F$65 -> 0.087032258 | X108: =$C$95-$C$96 -> 0.085967742 | Y108: =$C$132-$C$133 -> 0.098
U109: 8M-2M | V109: =TEG_Syncronous_Pipeline_回路規模!$C$4-TEG_Syncronous_Pipeline_回路規模!$C$6 -> 15752 | W109: =$E$65-$G$65 -> 0.13106452 | X109: =$C$95-$C$97 -> 0.12716129 | Y109: =$C$132-$C$134 -> 0.148
U110: 8M-1M | V110: =TEG_Syncronous_Pipeline_回路規模!$C$4-TEG_Syncronous_Pipeline_回路規模!$C$7 -> 18929 | W110: =$E$65-$H$65 -> 0.16877419 | X110: =$C$95-$C$98 -> 0.166 | Y110: =$C$132-$C$135 -> 0.171
U111: 4M-2M | V111: =TEG_Syncronous_Pipeline_回路規模!$C$5-TEG_Syncronous_Pipeline_回路規模!$C$6 -> 6134 | W111: =$F$65-$G$65 -> 0.044032258 | X111: =$C$96-$C$97 -> 0.041193548 | Y111: =$C$133-$C$134 -> 0.05
U112: 4M-1M | V112: =TEG_Syncronous_Pipeline_回路規模!$C$5-TEG_Syncronous_Pipeline_回路規模!$C$7 -> 9311 | W112: =$F$65-$H$65 -> 0.081741935 | X112: =$C$96-$C$98 -> 0.080032258 | Y112: =$C$133-$C$135 -> 0.073
U113: 2M-1M | V113: =TEG_Syncronous_Pipeline_回路規模!$C$6-TEG_Syncronous_Pipeline_回路規模!$C$7 -> 3177 | W113: =$G$65-$H$65 -> 0.037709677 | X113: =$C$97-$C$98 -> 0.03883871 | Y113: =$C$134-$C$135 -> 0.023
AB118: LUTのSynthesisに変更
AC119: Synthesis LUT | AD119: Plan.1 Power | AE119: Plan.2 Power | AF119: Estimation
AB120: 16M-12M | AC120: =TEG_Syncronous_Pipeline_回路規模!$D$11-TEG_Syncronous_Pipeline_回路規模!$D$12 -> 12796 | AD120: =$C$65-$D$65 -> 0.080112903 | AE120: =$C$93-$C$94 -> 0.077290323 | AF120: =$C$130-$C$131 -> 0.076
AB121: 16M-8M | AC121: =TEG_Syncronous_Pipeline_回路規模!$D$11-TEG_Syncronous_Pipeline_回路規模!$D$13 -> 25596 | AD121: =$C$65-$E$65 -> 0.17054839 | AE121: =$C$93-$C$95 -> 0.16769355 | AF121: =$C$130-$C$132 -> 0.174
AB122: 16M-4M | AC122: =TEG_Syncronous_Pipeline_回路規模!$D$11-TEG_Syncronous_Pipeline_回路規模!$D$14 -> 38396 | AD122: =$C$65-$F$65 -> 0.25758065 | AE122: =$C$93-$C$96 -> 0.25366129 | AF122: =$C$130-$C$133 -> 0.272
AB123: 16M-2M | AC123: =TEG_Syncronous_Pipeline_回路規模!$D$11-TEG_Syncronous_Pipeline_回路規模!$D$15 -> 44796 | AD123: =$C$65-$G$65 -> 0.3016129 | AE123: =$C$93-$C$97 -> 0.29485484 | AF123: =$C$130-$C$134 -> 0.322
AB124: 16M-1M | AC124: =TEG_Syncronous_Pipeline_回路規模!$D$11-TEG_Syncronous_Pipeline_回路規模!$D$16 -> 47996 | AD124: =$C$65-$H$65 -> 0.33932258 | AE124: =$C$93-$C$98 -> 0.33369355 | AF124: =$C$130-$C$135 -> 0.345
AB125: 12M -8M | AC125: =TEG_Syncronous_Pipeline_回路規模!$D$12-TEG_Syncronous_Pipeline_回路規模!$D$13 -> 12800 | AD125: =$D$65-$E$65 -> 0.090435484 | AE125: =$C$94-$C$95 -> 0.090403226 | AF125: =$C$131-$C$132 -> 0.098
AB126: 12M-4M | AC126: =TEG_Syncronous_Pipeline_回路規模!$D$12-TEG_Syncronous_Pipeline_回路規模!$D$14 -> 25600 | AD126: =$D$65-$F$65 -> 0.17746774 | AE126: =$C$94-$C$96 -> 0.17637097 | AF126: =$C$131-$C$133 -> 0.196
AB127: 12M-2M | AC127: =TEG_Syncronous_Pipeline_回路規模!$D$12-TEG_Syncronous_Pipeline_回路規模!$D$15 -> 32000 | AD127: =$D$65-$G$65 -> 0.2215 | AE127: =$C$94-$C$97 -> 0.21756452 | AF127: =$C$131-$C$134 -> 0.246
A128: ③推定動作時電力で比較 | AB128: 12M-1M | AC128: =TEG_Syncronous_Pipeline_回路規模!$D$12-TEG_Syncronous_Pipeline_回路規模!$D$16 -> 35200 | AD128: =$D$65-$H$65 -> 0.25920968 | AE128: =$C$94-$C$98 -> 0.25640323 | AF128: =$C$131-$C$135 -> 0.269
C129: POWER | N129: LUT | O129: POWER | AB129: 8M-4M | AC129: =TEG_Syncronous_Pipeline_回路規模!$D$13-TEG_Syncronous_Pipeline_回路規模!$D$14 -> 12800 | AD129: =$E$65-$F$65 -> 0.087032258 | AE129: =$C$95-$C$96 -> 0.085967742 | AF129: =$C$132-$C$133 -> 0.098
B130: 100N16M | C130: 0.542 | M130: 16M-12M | N130: =TEG_Syncronous_Pipeline_回路規模!$C$2-TEG_Syncronous_Pipeline_回路規模!$C$3 -> 3775 | O130: =$C$130-$C$131 -> 0.076 | AB130: 8M-2M | AC130: =TEG_Syncronous_Pipeline_回路規模!$D$13-TEG_Syncronous_Pipeline_回路規模!$D$15 -> 19200 | AD130: =$E$65-$G$65 -> 0.13106452 | AE130: =$C$95-$C$97 -> 0.12716129 | AF130: =$C$132-$C$134 -> 0.148
B131: 100N12M | C131: 0.466 | M131: 16M-8M | N131: =TEG_Syncronous_Pipeline_回路規模!$C$2-TEG_Syncronous_Pipeline_回路規模!$C$4 -> 8042 | O131: =$C$130-$C$132 -> 0.174 | AB131: 8M-1M | AC131: =TEG_Syncronous_Pipeline_回路規模!$D$13-TEG_Syncronous_Pipeline_回路規模!$D$16 -> 22400 | AD131: =$E$65-$H$65 -> 0.16877419 | AE131: =$C$95-$C$98 -> 0.166 | AF131: =$C$132-$C$135 -> 0.171
B132: 100N8M | C132: 0.368 | M132: 16M-4M | N132: =TEG_Syncronous_Pipeline_回路規模!$C$2-TEG_Syncronous_Pipeline_回路規模!$C$5 -> 17660 | O132: =$C$130-$C$133 -> 0.272 | AB132: 4M-2M | AC132: =TEG_Syncronous_Pipeline_回路規模!$D$14-TEG_Syncronous_Pipeline_回路規模!$D$15 -> 6400 | AD132: =$F$65-$G$65 -> 0.044032258 | AE132: =$C$96-$C$97 -> 0.041193548 | AF132: =$C$133-$C$134 -> 0.05
B133: 100N4M | C133: 0.27 | M133: 16M-2M | N133: =TEG_Syncronous_Pipeline_回路規模!$C$2-TEG_Syncronous_Pipeline_回路規模!$C$6 -> 23794 | O133: =$C$130-$C$134 -> 0.322 | AB133: 4M-1M | AC133: =TEG_Syncronous_Pipeline_回路規模!$D$14-TEG_Syncronous_Pipeline_回路規模!$D$16 -> 9600 | AD133: =$F$65-$H$65 -> 0.081741935 | AE133: =$C$96-$C$98 -> 0.080032258 | AF133: =$C$133-$C$135 -> 0.073
B134: 100N2M | C134: 0.22 | M134: 16M-1M | N134: =TEG_Syncronous_Pipeline_回路規模!$C$2-TEG_Syncronous_Pipeline_回路規模!$C$7 -> 26971 | O134: =$C$130-$C$135 -> 0.345 | AB134: 2M-1M | AC134: =TEG_Syncronous_Pipeline_回路規模!$D$15-TEG_Syncronous_Pipeline_回路規模!$D$16 -> 3200 | AD134: =$G$65-$H$65 -> 0.037709677 | AE134: =$C$97-$C$98 -> 0.03883871 | AF134: =$C$134-$C$135 -> 0.023
B135: 100N1M | C135: 0.197 | M135: 12M -8M | N135: =TEG_Syncronous_Pipeline_回路規模!$C$3-TEG_Syncronous_Pipeline_回路規模!$C$4 -> 4267 | O135: =$C$131-$C$132 -> 0.098
B136: 100N0m | C136: 0.115 | M136: 12M-4M | N136: =TEG_Syncronous_Pipeline_回路規模!$C$3-TEG_Syncronous_Pipeline_回路規模!$C$5 -> 13885 | O136: =$C$131-$C$133 -> 0.196
M137: 12M-2M | N137: =TEG_Syncronous_Pipeline_回路規模!$C$3-TEG_Syncronous_Pipeline_回路規模!$C$6 -> 20019 | O137: =$C$131-$C$134 -> 0.246
M138: 12M-1M | N138: =TEG_Syncronous_Pipeline_回路規模!$C$3-TEG_Syncronous_Pipeline_回路規模!$C$7 -> 23196 | O138: =$C$131-$C$135 -> 0.269
M139: 8M-4M | N139: =TEG_Syncronous_Pipeline_回路規模!$C$4-TEG_Syncronous_Pipeline_回路規模!$C$5 -> 9618 | O139: =$C$132-$C$133 -> 0.098
M140: 8M-2M | N140: =TEG_Syncronous_Pipeline_回路規模!$C$4-TEG_Syncronous_Pipeline_回路規模!$C$6 -> 15752 | O140: =$C$132-$C$134 -> 0.148
M141: 8M-1M | N141: =TEG_Syncronous_Pipeline_回路規模!$C$4-TEG_Syncronous_Pipeline_回路規模!$C$7 -> 18929 | O141: =$C$132-$C$135 -> 0.171
M142: 4M-2M | N142: =TEG_Syncronous_Pipeline_回路規模!$C$5-TEG_Syncronous_Pipeline_回路規模!$C$6 -> 6134 | O142: =$C$133-$C$134 -> 0.05
M143: 4M-1M | N143: =TEG_Syncronous_Pipeline_回路規模!$C$5-TEG_Syncronous_Pipeline_回路規模!$C$7 -> 9311 | O143: =$C$133-$C$135 -> 0.073
M144: 2M-1M | N144: =TEG_Syncronous_Pipeline_回路規模!$C$6-TEG_Syncronous_Pipeline_回路規模!$C$7 -> 3177 | O144: =$C$134-$C$135 -> 0.023
A150: ④推定動作時電力ー推定停止時電力で比較
C151: 動作時 | D151: 停止時 | E151: 動作時‐停止時 | N151: LUT | O151: POWER
B152: 100N16M | C152: 0.542 | D152: 0.147 | E152: =C152-D152 -> 0.395 | M152: 16M-12M | N152: =TEG_Syncronous_Pipeline_回路規模!$C$2-TEG_Syncronous_Pipeline_回路規模!$C$3 -> 3775 | O152: =E152-E153 -> 0.076
B153: 100N12M | C153: 0.466 | D153: 0.147 | E153: =C153-D153 -> 0.319 | M153: 16M-8M | N153: =TEG_Syncronous_Pipeline_回路規模!$C$2-TEG_Syncronous_Pipeline_回路規模!$C$4 -> 8042 | O153: =E152-E154 -> 0.174
B154: 100N8M | C154: 0.368 | D154: 0.147 | E154: =C154-D154 -> 0.221 | M154: 16M-4M | N154: =TEG_Syncronous_Pipeline_回路規模!$C$2-TEG_Syncronous_Pipeline_回路規模!$C$5 -> 17660 | O154: =E152-E155 -> 0.272
B155: 100N4M | C155: 0.27 | D155: 0.147 | E155: =C155-D155 -> 0.123 | M155: 16M-2M | N155: =TEG_Syncronous_Pipeline_回路規模!$C$2-TEG_Syncronous_Pipeline_回路規模!$C$6 -> 23794 | O155: =E152-E156 -> 0.322
B156: 100N2M | C156: 0.22 | D156: 0.147 | E156: =C156-D156 -> 0.073 | M156: 16M-1M | N156: =TEG_Syncronous_Pipeline_回路規模!$C$2-TEG_Syncronous_Pipeline_回路規模!$C$7 -> 26971 | O156: =E152-E157 -> 0.345
B157: 100N1M | C157: 0.197 | D157: 0.147 | E157: =C157-D157 -> 0.05 | M157: 12M -8M | N157: =TEG_Syncronous_Pipeline_回路規模!$C$3-TEG_Syncronous_Pipeline_回路規模!$C$4 -> 4267 | O157: =E153-E154 -> 0.098
M158: 12M-4M | N158: =TEG_Syncronous_Pipeline_回路規模!$C$3-TEG_Syncronous_Pipeline_回路規模!$C$5 -> 13885 | O158: =E153-E155 -> 0.196
M159: 12M-2M | N159: =TEG_Syncronous_Pipeline_回路規模!$C$3-TEG_Syncronous_Pipeline_回路規模!$C$6 -> 20019 | O159: =E153-E156 -> 0.246
M160: 12M-1M | N160: =TEG_Syncronous_Pipeline_回路規模!$C$3-TEG_Syncronous_Pipeline_回路規模!$C$7 -> 23196 | O160: =E153-E157 -> 0.269
M161: 8M-4M | N161: =TEG_Syncronous_Pipeline_回路規模!$C$4-TEG_Syncronous_Pipeline_回路規模!$C$5 -> 9618 | O161: =E154-E155 -> 0.098
M162: 8M-2M | N162: =TEG_Syncronous_Pipeline_回路規模!$C$4-TEG_Syncronous_Pipeline_回路規模!$C$6 -> 15752 | O162: =E154-E156 -> 0.148
M163: 8M-1M | N163: =TEG_Syncronous_Pipeline_回路規模!$C$4-TEG_Syncronous_Pipeline_回路規模!$C$7 -> 18929 | O163: =E154-E157 -> 0.171
...

Sheet 電力データ0610以降_300N
A1: 62.5MHz | B1: 動作時 | C1: 300N4M | D1: 300N3M | E1: 300N2M | F1: 300N1M | G1: 300N0M | H1: 停止時 | I1: 300N4M | J1: 300N3M | K1: 300N2M | L1: 300N1M | N1: 125MHz | O1: 動作時 | P1: 300N4M | Q1: 300N3M | R1: 300N2M | S1: 300N1M | T1: 300N0M | U1: 停止時 | V1: 300N4M | W1: 300N3M | X1: 300N2M | Y1: 300N1M
B2: 0 | C2: 1.896 | D2: 1.855 | E2: 1.769 | F2: 1.702 | G2: 1.633 | H2: 0 | I2: 1.537 | J2: 1.547 | K2: 1.532 | L2: 1.537 | O2: 0 | P2: 2.329 | Q2: 2.227 | R2: 2.094 | S2: 2.068 | T2: 1.808 | U2: 0 | V2: 1.626 | W2: 1.627 | X2: 1.62 | Y2: 1.656
B3: 0 | C3: 1.896 | D3: 1.859 | E3: 1.769 | F3: 1.699 | G3: 1.64 | H3: 0 | I3: 1.534 | J3: 1.547 | K3: 1.532 | L3: 1.526 | O3: 0 | P3: 2.323 | Q3: 2.223 | R3: 2.081 | S3: 2.068 | T3: 1.805 | U3: 0 | V3: 1.626 | W3: 1.62 | X3: 1.62 | Y3: 1.666
B4: 1 | C4: 1.886 | D4: 1.849 | E4: 1.766 | F4: 1.702 | G4: 1.63 | H4: 1 | I4: 1.54 | J4: 1.547 | K4: 1.542 | L4: 1.526 | O4: 1 | P4: 2.333 | Q4: 2.223 | R4: 2.084 | S4: 2.064 | T4: 1.798 | U4: 1 | V4: 1.626 | W4: 1.62 | X4: 1.62 | Y4: 1.666
B5: 1 | C5: 1.886 | D5: 1.855 | E5: 1.776 | F5: 1.702 | G5: 1.63 | H5: 1 | I5: 1.54 | J5: 1.547 | K5: 1.542 | L5: 1.526 | O5: 1 | P5: 2.333 | Q5: 2.227 | R5: 2.081 | S5: 2.064 | T5: 1.798 | U5: 1 | V5: 1.626 | W5: 1.625 | X5: 1.623 | Y5: 1.666
B6: 2 | C6: 1.886 | D6: 1.845 | E6: 1.78 | F6: 1.702 | G6: 1.63 | H6: 2 | I6: 1.527 | J6: 1.55 | K6: 1.542 | L6: 1.526 | O6: 2 | P6: 2.323 | Q6: 2.227 | R6: 2.081 | S6: 2.064 | T6: 1.808 | U6: 2 | V6: 1.623 | W6: 1.638 | X6: 1.623 | Y6: 1.659
B7: 2 | C7: 1.886 | D7: 1.845 | E7: 1.766 | F7: 1.699 | G7: 1.64 | H7: 2 | I7: 1.537 | J7: 1.54 | K7: 1.542 | L7: 1.526 | O7: 2 | P7: 2.343 | Q7: 2.227 | R7: 2.091 | S7: 2.068 | T7: 1.808 | U7: 2 | V7: 1.623 | W7: 1.62 | X7: 1.613 | Y7: 1.666
B8: 3 | C8: 1.882 | D8: 1.849 | E8: 1.769 | F8: 1.699 | G8: 1.63 | H8: 3 | I8: 1.527 | J8: 1.54 | K8: 1.532 | L8: 1.544 | O8: 3 | P8: 2.323 | Q8: 2.223 | R8: 2.084 | S8: 2.064 | T8: 1.808 | U8: 3 | V8: 1.623 | W8: 1.627 | X8: 1.62 | Y8: 1.666
B9: 3 | C9: 1.882 | D9: 1.869 | E9: 1.766 | F9: 1.702 | G9: 1.63 | H9: 3 | I9: 1.527 | J9: 1.54 | K9: 1.529 | L9: 1.544 | O9: 3 | P9: 2.323 | Q9: 2.227 | R9: 2.084 | S9: 2.058 | T9: 1.808 | U9: 3 | V9: 1.621 | W9: 1.63 | X9: 1.613 | Y9: 1.656
B10: 4 | C10: 1.886 | D10: 1.835 | E10: 1.766 | F10: 1.699 | G10: 1.64 | H10: 4 | I10: 1.527 | J10: 1.529 | K10: 1.539 | L10: 1.534 | O10: 4 | P10: 2.333 | Q10: 2.223 | R10: 2.094 | S10: 2.058 | T10: 1.808 | U10: 4 | V10: 1.636 | W10: 1.62 | X10: 1.623 | Y10: 1.656
B11: 4 | C11: 1.893 | D11: 1.838 | E11: 1.776 | F11: 1.699 | G11: 1.64 | H11: 4 | I11: 1.537 | J11: 1.529 | K11: 1.539 | L11: 1.537 | O11: 4 | P11: 2.333 | Q11: 2.22 | R11: 2.084 | S11: 2.068 | T11: 1.798 | U11: 4 | V11: 1.626 | W11: 1.62 | X11: 1.613 | Y11: 1.656
B12: 5 | C12: 1.886 | D12: 1.855 | E12: 1.776 | F12: 1.699 | G12: 1.64 | H12: 5 | I12: 1.537 | J12: 1.54 | K12: 1.529 | L12: 1.544 | O12: 5 | P12: 2.333 | Q12: 2.217 | R12: 2.081 | S12: 2.051 | T12: 1.801 | U12: 5 | V12: 1.616 | W12: 1.627 | X12: 1.613 | Y12: 1.676
B13: 5 | C13: 1.882 | D13: 1.835 | E13: 1.776 | F13: 1.709 | G13: 1.64 | H13: 5 | I13: 1.54 | J13: 1.529 | K13: 1.532 | L13: 1.532 | O13: 5 | P13: 2.333 | Q13: 2.217 | R13: 2.081 | S13: 2.054 | T13: 1.801 | U13: 5 | V13: 1.616 | W13: 1.627 | X13: 1.623 | Y13: 1.656
... B63: 30 | C63: 1.886 | D63: 1.855 | E63: 1.766 | F63: 1.712 | G63: 1.633 | H63: 30 | I63: 1.54 | J63: 1.54 | K63: 1.532 | L63: 1.537 | O63: 30 | P63: 2.329 | Q63: 2.223 | R63: 2.081 | S63: 2.054 | T63: 1.798 | U63: 30 | V63: 1.613 | W63: 1.63 | X63: 1.626 | Y63: 1.666
C64: =AVERAGE(C2:C63) -> 1.885 | D64: =AVERAGE(D2:D63) -> 1.8492742 | E64: =AVERAGE(E2:E63) -> 1.7670484 | F64: =AVERAGE(F2:F63) -> 1.7039194 | G64: =AVERAGE(G2:G63) -> 1.634371 | I64: =AVERAGE(I2:I63) -> 1.5348871 | J64: =AVERAGE(J2:J63) -> 1.538821 | K64: =AVERAGE(K2:K63) -> 1.5350645 | L64: =AVERAGE(L2:L63) -> 1.5384839 | P64: =AVERAGE(P2:P63) -> 2.3286935 | Q64: =AVERAGE(Q2:Q63) -> 2.2266935 | R64: =AVERAGE(R2:R63) -> 2.0861935 | S64: =AVERAGE(S2:S63) -> 2.0621774 | T64: =AVERAGE(T2:T63) -> 1.8033226 | V64: =AVERAGE(V2:V63) -> 1.6230968 | W64: =AVERAGE(W2:W63) -> 1.6256129 | X64: =AVERAGE(X2:X63) -> 1.6237097 | Y64: =AVERAGE(Y2:Y63) -> 1.6637258
A69: ①
B70: (1)テスト回路ごとに電力とLUT数を比較
B71: (実測) | D71: 62.5MHz | F71: 125MHz | K71: 62.5MHz | M71: 125MHz
D72: LUT | E72: POWER | F72: LUT | G72: POWER | K72: LUT | L72: POWER | M72: LUT | N72: POWER
C73: 300N4M | D73: =TEG_Syncronous_Pipeline_回路規模!$I$3 -> 30884 | E73: =C64 -> 1.885 | F73: =TEG_Syncronous_Pipeline_回路規模!$I$3 -> 30884 | G73: =P64 -> 2.3286935 | J73: 4M-3M | K73: =D73-D74 -> 7988 | L73: =$E$73-$E$74 -> 0.035725806 | M73: =F73-F74 -> 7988 | N73: =$G$73-$G$74 -> 0.102
C74: 300N3M | D74: =TEG_Syncronous_Pipeline_回路規模!$I$4 -> 22896 | E74: =D64 -> 1.8492742 | F74: =TEG_Syncronous_Pipeline_回路規模!$I$4 -> 22896 | G74: =Q64 -> 2.2266935 | J74: 4M-2M | K74: =D73-D75 -> 15556 | L74: =$E$73-$E$75 -> 0.11795161 | M74: =F73-F75 -> 15556 | N74: =$G$73-$G$75 -> 0.2425
C75: 300N2M | D75: =TEG_Syncronous_Pipeline_回路規模!$I$5 -> 15328 | E75: =E64 -> 1.7670484 | F75: =TEG_Syncronous_Pipeline_回路規模!$I$5 -> 15328 | G75: =R64 -> 2.0861935 | J75: 4M-1M | K75: =D73-D76 -> 23054 | L75: =$E$73-$E$76 -> 0.18108065 | M75: =F73-F76 -> 23054 | N75: =$G$73-$G$76 -> 0.26651613
C76: 300N1M | D76: =TEG_Syncronous_Pipeline_回路規模!$I$6 -> 7830 | E76: =F64 -> 1.7039194 | F76: =TEG_Syncronous_Pipeline_回路規模!$I$6 -> 7830 | G76: =S64 -> 2.0621774 | J76: 3M-2M | K76: =D74-D75 -> 7568 | L76: =$E$74-$E$75 -> 0.082225806 | M76: =F74-F75 -> 7568 | N76: =$G$74-$G$75 -> 0.1405
J77: 3M-1M | K77: =D74-D76 -> 15066 | L77: =$E$74-$E$76 -> 0.14535484 | M77: =F74-F76 -> 15066 | N77: =$G$74-$G$76 -> 0.16451613
J78: 2M-1M | K78: =D75-D76 -> 7498 | L78: =$E$75-$E$76 -> 0.063129032 | M78: =F75-F76 -> 7498 | N78: =$G$75-$G$76 -> 0.024016129
A84: ②
B85: (1)テスト回路ごとに電力とLUT数を比較 (動作時ー停止時)
B86: (実測) | D86: 62.5MHz | F86: 125MHz | J86: 62.5MHz | L86: 125MHz
D87: LUT | E87: POWER | F87: LUT | G87: POWER | J87: LUT | K87: POWER | L87: LUT | M87: POWER
C88: 300N4M | D88: =TEG_Syncronous_Pipeline_回路規模!$I$3 -> 30884 | E88: =C64-I64 -> 0.3501129 | F88: =TEG_Syncronous_Pipeline_回路規模!$I$3 -> 30884 | G88: =P64-V64 -> 0.70559677 | I88: 4M-3M | J88: =$D$88-$D$89 -> 7988 | K88: =$E$88-$E$89 -> 0.039659677 | L88: =F88-F89 -> 7988 | M88: =$G$88-$G$89 -> 0.10451613
C89: 300N3M | D89: =TEG_Syncronous_Pipeline_回路規模!$I$4 -> 22896 | E89: =D64-J64 -> 0.31045323 | F89: =TEG_Syncronous_Pipeline_回路規模!$I$4 -> 22896 | G89: =Q64-W64 -> 0.60108065 | I89: 4M-2M | J89: =$D$88-$D$90 -> 15556 | K89: =$E$88-$E$90 -> 0.11812903 | L89: =F88-F90 -> 15556 | M89: =$G$88-$G$90 -> 0.2431129
C90: 300N2M | D90: =TEG_Syncronous_Pipeline_回路規模!$I$5 -> 15328 | E90: =E64-K64 -> 0.23198387 | F90: =TEG_Syncronous_Pipeline_回路規模!$I$5 -> 15328 | G90: =R64-X64 -> 0.46248387 | I90: 4M-1M | J90: =$D$88-$D$91 -> 23054 | K90: =$E$88-$E$91 -> 0.18467742 | L90: =F88-F91 -> 23054 | M90: =$G$88-$G$91 -> 0.30714516
C91: 300N1M | D91: =TEG_Syncronous_Pipeline_回路規模!$I$6 -> 7830 | E91: =F64-L64 -> 0.16543548 | F91: =TEG_Syncronous_Pipeline_回路規模!$I$6 -> 7830 | G91: =S64-Y64 -> 0.39845161 | I91: 3M-2M | J91: =$D$89-$D$90 -> 7568 | K91: =$E$89-$E$90 -> 0.078469355 | L91: =F89-F90 -> 7568 | M91: =$G$89-$G$90 -> 0.13859677
I92: 3M-1M | J92: =$D$89-$D$91 -> 15066 | K92: =$E$89-$E$91 -> 0.14501774 | L92: =F89-F91 -> 15066 | M92: =$G$89-$G$91 -> 0.20262903
I93: 2M-1M | J93: =$D$90-$D$91 -> 7498 | K93: =$E$90-$E$91 -> 0.066548387 | L93: =F90-F91 -> 7498 | M93: =$G$90-$G$91 -> 0.064032258
A100: ③ | B100: 方法１、２、推定の比較 | P100: 全て比較
B101: 推定電力 | C101: 62.5MHz | D101: 125MHz | E101: 62.5MHz | F101: 125MHz | R101: 62.5MHz | V101: 125MHz | AH101: 62.5MHz | AK101: 125MHz
B102: 300N5M | E102: 0.853 | F102: 1.262 | J102: 62.5MHz | L102: 125MHz | Q102: LUT | R102: Plan.1 Power | S102: Plan.2 Power | T102: Estimation | U102: LUT | V102: Plan.1 Power | W102: Plan.2 Power | X102: Estimation | AG102: LUT | AH102: Plan.1 Power | AI102: Plan.2 Power | AJ102: Estimation | AK102: Plan.1 Power | AL102: Plan.2 Power | AM102: Estimation
B103: 300N4M | C103: 0.479 | D103: 0.887 | E103: 0.581 | F103: 1.099 | J103: LUT | K103: POWER | L103: LUT | M103: POWER | P103: 4M-3M | Q103: =$D$88-$D$89 -> 7988 | R103: =$E$73-$E$74 -> 0.035725806 | S103: =$E$88-$E$89 -> 0.039659677 | T103: =$C$103-$C$104 -> 0.023 | U103: =$D$88-$D$89 -> 7988 | V103: =$G$73-$G$74 -> 0.102 | W103: =$G$88-$G$89 -> 0.10451613 | X103: =$D$103-$D$104 -> 0.075 | AG103: =$D$88-$D$89 -> 7988 | AH103: =$E$73-$E$74 -> 0.035725806 | AI103: =$E$88-$E$89 -> 0.039659677 | AJ103: =$C$103-$C$104 -> 0.023 | AK103: =$G$73-$G$74 -> 0.102 | AL103: =$G$88-$G$89 -> 0.10451613 | AM103: =$D$103-$D$104 -> 0.075
B104: 300N3M | C104: 0.456 | D104: 0.812 | E104: 0.533 | F104: 0.972 | I104: 4M-3M | J104: =$D$88-$D$89 -> 7988 | K104: =$C$103-$C$104 -> 0.023 | L104: =$D$88-$D$89 -> 7988 | M104: =$D$103-$D$104 -> 0.075 | P104: 4M-2M | Q104: =$D$88-$D$90 -> 15556 | R104: =$E$73-$E$75 -> 0.11795161 | S104: =$E$88-$E$90 -> 0.11812903 | T104: =$C$103-$C$105 -> 0.106 | U104: =$D$88-$D$90 -> 15556 | V104: =$G$73-$G$75 -> 0.2425 | W104: =$G$88-$G$90 -> 0.2431129 | X104: =$D$103-$D$105 -> 0.221 | AG104: =$D$88-$D$90 -> 15556 | AH104: =$E$73-$E$75 -> 0.11795161 | AI104: =$E$88-$E$90 -> 0.11812903 | AJ104: =$C$103-$C$105 -> 0.106 | AK104: =$G$73-$G$75 -> 0.2425 | AL104: =$G$88-$G$90 -> 0.2431129 | AM104: =$D$103-$D$105 -> 0.221
B105: 300N2M | C105: 0.373 | D105: 0.666 | E105: 0.425 | F105: 0.777 | I105: 4M-2M | J105: =$D$88-$D$90 -> 15556 | K105: =$C$103-$C$105 -> 0.106 | L105: =$D$88-$D$90 -> 15556 | M105: =$D$103-$D$105 -> 0.221 | P105: 4M-1M | Q105: =$D$88-$D$91 -> 23054 | R105: =$E$73-$E$76 -> 0.18108065 | S105: =$E$88-$E$91 -> 0.18467742 | T105: =$C$103-$C$106 -> 0.163 | U105: =$D$88-$D$91 -> 23054 | V105: =$G$73-$G$76 -> 0.26651613 | W105: =$G$88-$G$91 -> 0.30714516 | X105: =$D$103-$D$106 -> 0.334 | AG105: =$D$88-$D$91 -> 23054 | AH105: =$E$73-$E$76 -> 0.18108065 | AI105: =$E$88-$E$91 -> 0.18467742 | AJ105: =$C$103-$C$106 -> 0.163 | AK105: =$G$73-$G$76 -> 0.26651613 | AL105: =$G$88-$G$91 -> 0.30714516 | AM105: =$D$103-$D$106 -> 0.334
B106: 300N1M | C106: 0.316 | D106: 0.553 | E106: 0.358 | F106: 0.621 | I106: 4M-1M | J106: =$D$88-$D$91 -> 23054 | K106: =$C$103-$C$106 -> 0.163 | L106: =$D$88-$D$91 -> 23054 | M106: =$D$103-$D$106 -> 0.334 | P106: 3M-2M | Q106: =$D$89-$D$90 -> 7568 | R106: =$E$74-$E$75 -> 0.082225806 | S106: =$E$89-$E$90 -> 0.078469355 | T106: =$C$104-$C$105 -> 0.083 | U106: =$D$89-$D$90 -> 7568 | V106: =$G$74-$G$75 -> 0.1405 | W106: =$G$89-$G$90 -> 0.13859677 | X106: =$D$104-$D$105 -> 0.146 | AG106: =$D$89-$D$90 -> 7568 | AH106: =$E$74-$E$75 -> 0.082225806 | AI106: =$E$89-$E$90 -> 0.078469355 | AJ106: =$C$104-$C$105 -> 0.083 | AK106: =$G$74-$G$75 -> 0.1405 | AL106: =$G$89-$G$90 -> 0.13859677 | AM106: =$D$104-$D$105 -> 0.146
I107: 3M-2M | J107: =$D$89-$D$90 -> 7568 | K107: =$C$104-$C$105 -> 0.083 | L107: =$D$89-$D$90 -> 7568 | M107: =$D$104-$D$105 -> 0.146 | P107: 3M-1M | Q107: =$D$89-$D$91 -> 15066 | R107: =$E$74-$E$76 -> 0.14535484 | S107: =$E$89-$E$91 -> 0.14501774 | T107: =$C$104-$C$106 -> 0.14 | U107: =$D$89-$D$91 -> 15066 | V107: =$G$74-$G$76 -> 0.16451613 | W107: =$G$89-$G$91 -> 0.20262903 | X107: =$D$104-$D$106 -> 0.259 | AG107: =$D$89-$D$91 -> 15066 | AH107: =$E$74-$E$76 -> 0.14535484 | AI107: =$E$89-$E$91 -> 0.14501774 | AJ107: =$C$104-$C$106 -> 0.14 | AK107: =$G$74-$G$76 -> 0.16451613 | AL107: =$G$89-$G$91 -> 0.20262903 | AM107: =$D$104-$D$106 -> 0.259
I108: 3M-1M | J108: =$D$89-$D$91 -> 15066 | K108: =$C$104-$C$106 -> 0.14 | L108: =$D$89-$D$91 -> 15066 | M108: =$D$104-$D$106 -> 0.259 | P108: 2M-1M | Q108: =$D$90-$D$91 -> 7498 | R108: =$E$75-$E$76 -> 0.063129032 | S108: =$E$90-$E$91 -> 0.066548387 | T108: =$C$105-$C$106 -> 0.057 | U108: =$D$90-$D$91 -> 7498 | V108: =$G$75-$G$76 -> 0.024016129 | W108: =$G$90-$G$91 -> 0.064032258 | X108: =$D$105-$D$106 -> 0.113 | AG108: =$D$90-$D$91 -> 7498 | AH108: =$E$75-$E$76 -> 0.063129032 | AI108: =$E$90-$E$91 -> 0.066548387 | AJ108: =$C$105-$C$106 -> 0.057 | AK108: =$G$75-$G$76 -> 0.024016129 | AL108: =$G$90-$G$91 -> 0.064032258 | AM108: =$D$105-$D$106 -> 0.113
I109: 2M-1M | J109: =$D$90-$D$91 -> 7498 | K109: =$C$105-$C$106 -> 0.057 | L109: =$D$90-$D$91 -> 7498 | M109: =$D$105-$D$106 -> 0.113
A130: ③－2
B131: 全て比較 | C131: LUTをSynthesisに変更
D132: 62.5MHz | H132: 125MHz
C133: LUT | D133: Plan.1 Power | E133: Plan.2 Power | F133: Estimation | G133: LUT | H133: Plan.1 Power | I133: Plan.2 Power | J133: Estimation
B134: 4M-3M | C134: =TEG_Syncronous_Pipeline_回路規模!$K$3-TEG_Syncronous_Pipeline_回路規模!$K$4 -> 9600 | D134: =$E$73-$E$74 -> 0.035725806 | E134: =$E$88-$E$89 -> 0.039659677 | F134: =$E$103-$E$104 -> 0.048 | G134: =TEG_Syncronous_Pipeline_回路規模!$K$3-TEG_Syncronous_Pipeline_回路規模!$K$4 -> 9600 | H134: =$G$73-$G$74 -> 0.102 | I134: =$G$88-$G$89 -> 0.10451613 | J134: =$F$103-$F$104 -> 0.127
B135: 4M-2M | C135: =TEG_Syncronous_Pipeline_回路規模!$K$3-TEG_Syncronous_Pipeline_回路規模!$K$5 -> 19200 | D135: =$E$73-$E$75 -> 0.11795161 | E135: =$E$88-$E$90 -> 0.11812903 | F135: =$E$103-$E$105 -> 0.156 | G135: =TEG_Syncronous_Pipeline_回路規模!$K$3-TEG_Syncronous_Pipeline_回路規模!$K$5 -> 19200 | H135: =$G$73-$G$75 -> 0.2425 | I135: =$G$88-$G$90 -> 0.2431129 | J135: =$F$103-$F$105 -> 0.322
B136: 4M-1M | C136: =TEG_Syncronous_Pipeline_回路規模!$K$3-TEG_Syncronous_Pipeline_回路規模!$K$6 -> 28800 | D136: =$E$73-$E$76 -> 0.18108065 | E136: =$E$88-$E$91 -> 0.18467742 | F136: =$E$103-$E$106 -> 0.223 | G136: =TEG_Syncronous_Pipeline_回路規模!$K$3-TEG_Syncronous_Pipeline_回路規模!$K$6 -> 28800 | H136: =$G$73-$G$76 -> 0.26651613 | I136: =$G$88-$G$91 -> 0.30714516 | J136: =$F$103-$F$106 -> 0.478
B137: 3M-2M | C137: =TEG_Syncronous_Pipeline_回路規模!$K$4-TEG_Syncronous_Pipeline_回路規模!$K$5 -> 9600 | D137: =$E$74-$E$75 -> 0.082225806 | E137: =$E$89-$E$90 -> 0.078469355 | F137: =$E$104-$E$105 -> 0.108 | G137: =TEG_Syncronous_Pipeline_回路規模!$K$4-TEG_Syncronous_Pipeline_回路規模!$K$5 -> 9600 | H137: =$G$74-$G$75 -> 0.1405 | I137: =$G$89-$G$90 -> 0.13859677 | J137: =$F$104-$F$105 -> 0.195
B138: 3M-1M | C138: =TEG_Syncronous_Pipeline_回路規模!$K$4-TEG_Syncronous_Pipeline_回路規模!$K$6 -> 19200 | D138: =$E$74-$E$76 -> 0.14535484 | E138: =$E$89-$E$91 -> 0.14501774 | F138: =$E$104-$E$106 -> 0.175 | G138: =TEG_Syncronous_Pipeline_回路規模!$K$4-TEG_Syncronous_Pipeline_回路規模!$K$6 -> 19200 | H138: =$G$74-$G$76 -> 0.16451613 | I138: =$G$89-$G$91 -> 0.20262903 | J138: =$F$104-$F$106 -> 0.351
B139: 2M-1M | C139: =TEG_Syncronous_Pipeline_回路規模!$K$5-TEG_Syncronous_Pipeline_回路規模!$K$6 -> 9600 | D139: =$E$75-$E$76 -> 0.063129032 | E139: =$E$90-$E$91 -> 0.066548387 | F139: =$E$105-$E$106 -> 0.067 | G139: =TEG_Syncronous_Pipeline_回路規模!$K$5-TEG_Syncronous_Pipeline_回路規模!$K$6 -> 9600 | H139: =$G$75-$G$76 -> 0.024016129 | I139: =$G$90-$G$91 -> 0.064032258 | J139: =$F$105-$F$106 -> 0.156
B159: 5段目追加
D160: 62.5MHz | H160: 125MHz
C161: LUT | D161: Plan.1 Power | E161: Plan.2 Power | F161: Estimation | G161: LUT | H161: Plan.1 Power | I161: Plan.2 Power | J161: Estimation
B162: 5M-4M | C162: =TEG_Syncronous_Pipeline_回路規模!K2-TEG_Syncronous_Pipeline_回路規模!K3 -> 9597 | F162: =E102-E103 -> 0.272 | J162: =F102-F103 -> 0.163
B163: 5M-3M | C163: =TEG_Syncronous_Pipeline_回路規模!K2-TEG_Syncronous_Pipeline_回路規模!K4 -> 19197 | F163: =E102-E104 -> 0.32 | J163: =F102-F104 -> 0.29
B164: 5M-2M | C164: =TEG_Syncronous_Pipeline_回路規模!K2-TEG_Syncronous_Pipeline_回路規模!K5 -> 28797 | F164: =E102-E105 -> 0.428 | J164: =F102-F105 -> 0.485
B165: 5M-1M | C165: =TEG_Syncronous_Pipeline_回路規模!K2-TEG_Syncronous_Pipeline_回路規模!K6 -> 38397 | F165: =E102-E106 -> 0.495 | J165: =F102-F106 -> 0.641
B166: 4M-3M | C166: =TEG_Syncronous_Pipeline_回路規模!K3-TEG_Syncronous_Pipeline_回路規模!K4 -> 9600 | F166: =E103-E104 -> 0.048 | J166: =$F$103-$F$104 -> 0.127
B167: 4M-2M | C167: =TEG_Syncronous_Pipeline_回路規模!$K$3-TEG_Syncronous_Pipeline_回路規模!$K$5 -> 19200 | F167: =$E$103-$E$105 -> 0.156 | J167: =$F$103-$F$105 -> 0.322
B168: 4M-1M | C168: =TEG_Syncronous_Pipeline_回路規模!$K$3-TEG_Syncronous_Pipeline_回路規模!$K$6 -> 28800 | F168: =$E$103-$E$106 -> 0.223 | J168: =$F$103-$F$106 -> 0.478
B169: 3M-2M | C169: =TEG_Syncronous_Pipeline_回路規模!$K$4-TEG_Syncronous_Pipeline_回路規模!$K$5 -> 9600 | F169: =$E$104-$E$105 -> 0.108 | J169: =$F$104-$F$105 -> 0.195
B170: 3M-1M | C170: =TEG_Syncronous_Pipeline_回路規模!$K$4-TEG_Syncronous_Pipeline_回路規模!$K$6 -> 19200 | F170: =$E$104-$E$106 -> 0.175 | J170: =$F$104-$F$106 -> 0.351
B171: 2M-1M | C171: =TEG_Syncronous_Pipeline_回路規模!$K$5-TEG_Syncronous_Pipeline_回路規模!$K$6 -> 9600 | F171: =$E$105-$E$106 -> 0.067 | J171: =$F$105-$F$106 -> 0.156
A175: ⑥
B176: テスト回路名 | C176: NOT段数 | D176: レジスタ数 | E176: LUT | F176: 62.5MHz電力 | G176: 125MHz電力
B177: 300N4M | C177: 4 | D177: =TEG_Syncronous_Pipeline_回路規模!H3 -> 9786 | E177: =TEG_Syncronous_Pipeline_回路規模!$I$3 -> 30884 | F177: =C64 -> 1.885 | G177: =P64 -> 2.3286935
B178: 300N3M | C178: 3 | D178: =TEG_Syncronous_Pipeline_回路規模!H4 -> 9786 | E178: =TEG_Syncronous_Pipeline_回路規模!$I$4 -> 22896 | F178: =D64 -> 1.8492742 | G178: =Q64 -> 2.2266935
B179: 300N2M | C179: 2 | D179: =TEG_Syncronous_Pipeline_回路規模!H5 -> 9786 | E179: =TEG_Syncronous_Pipeline_回路規模!$I$5 -> 15328 | F179: =E64 -> 1.7670484 | G179: =R64 -> 2.0861935
B180: 300N1M | C180: 1 | D180: =TEG_Syncronous_Pipeline_回路規模!H6 -> 9786 | E180: =TEG_Syncronous_Pipeline_回路規模!$I$6 -> 7830 | F180: =F64 -> 1.7039194 | G180: =S64 -> 2.0621774

Sheet Sync回路_検証用データ群
A1: 400N3M | D1: 400N2M | G1: 200N8M | J1: 200N4M | M1: 50N16M | P1: 50N8M
B2: 62.5MHz | C2: 125MHz | E2: 62.5MHz | F2: 125MHz | H2: 62.5MHz | I2: 125MHz | K2: 62.5MHz | L2: 125MHz | N2: 62.5MHz | O2: 125MHz | Q2: 62.5MHz | R2: 125MHz
A3: 0 | B3: 1.921 | C3: 2.368 | D3: 0 | E3: 1.859 | F3: 2.256 | G3: 0 | H3: 2.207 | I3: Timing違反 | J3: 0 | K3: 2.021 | L3: 2.526 | M3: 0 | N3: 1.683 | O3: Timing違反 | P3: 0 | Q3: 1.618 | R3: Timing違反
A4: 0 | B4: 1.921 | C4: 2.392 | D4: 0 | E4: 1.866 | F4: 2.25 | G4: 0 | H4: 2.211 | J4: 0 | K4: 2.021 | L4: 2.526 | M4: 0 | N4: 1.683 | P4: 0 | Q4: 1.608
A5: 1 | B5: 1.928 | C5: 2.382 | D5: 1 | E5: 1.869 | F5: 2.252 | G5: 1 | H5: 2.211 | J5: 1 | K5: 2.037 | L5: 2.536 | M5: 1 | N5: 1.689 | P5: 1 | Q5: 1.605
A6: 1 | B6: 1.921 | C6: 2.368 | D6: 1 | E6: 1.855 | F6: 2.252 | G6: 1 | H6: 2.197 | J6: 1 | K6: 2.012 | L6: 2.536 | M6: 1 | N6: 1.689 | P6: 1 | Q6: 1.616
A7: 2 | B7: 1.931 | C7: 2.378 | D7: 2 | E7: 1.855 | F7: 2.266 | G7: 2 | H7: 2.211 | J7: 2 | K7: 2.012 | L7: 2.526 | M7: 2 | N7: 1.689 | P7: 2 | Q7: 1.616
A8: 2 | B8: 1.921 | C8: 2.378 | D8: 2 | E8: 1.866 | F8: 2.266 | G8: 2 | H8: 2.211 | J8: 2 | K8: 2.021 | L8: 2.526 | M8: 2 | N8: 1.692 | P8: 2 | Q8: 1.608
A9: 3 | B9: 1.928 | C9: 2.378 | D9: 3 | E9: 1.859 | F9: 2.246 | G9: 3 | H9: 2.207 | J9: 3 | K9: 2.016 | L9: 2.536 | M9: 3 | N9: 1.689 | P9: 3 | Q9: 1.616
A10: 3 | B10: 1.928 | C10: 2.368 | D10: 3 | E10: 1.859 | F10: 2.246 | G10: 3 | H10: 2.207 | J10: 3 | K10: 2.021 | L10: 2.536 | M10: 3 | N10: 1.68 | P10: 3 | Q10: 1.608
A11: 4 | B11: 1.921 | C11: 2.382 | D11: 4 | E11: 1.859 | F11: 2.252 | G11: 4 | H11: 2.207 | J11: 4 | K11: 2.017 | L11: 2.521 | M11: 4 | N11: 1.689 | P11: 4 | Q11: 1.616
A12: 4 | B12: 1.921 | C12: 2.382 | D12: 4 | E12: 1.855 | F12: 2.242 | G12: 4 | H12: 2.211 | J12: 4 | K12: 2.017 | L12: 2.536 | M12: 4 | N12: 1.683 | P12: 4 | Q12: 1.618
A13: 5 | B13: 1.921 | C13: 2.378 | D13: 5 | E13: 1.859 | F13: 2.242 | G13: 5 | H13: 2.2 | J13: 5 | K13: 2.016 | L13: 2.536 | M13: 5 | N13: 1.689 | P13: 5 | Q13: 1.608
A14: 5 | B14: 1.921 | C14: 2.382 | D14: 5 | E14: 1.859 | F14: 2.246 | G14: 5 | H14: 2.211 | J14: 5 | K14: 2.021 | L14: 2.536 | M14: 5 | N14: 1.683 | P14: 5 | Q14: 1.616
A15: 6 | B15: 1.921 | C15: 2.382 | D15: 6 | E15: 1.869 | F15: 2.256 | G15: 6 | H15: 2.221 | J15: 6 | K15: 2.021 | L15: 2.526 | M15: 6 | N15: 1.692 | P15: 6 | Q15: 1.629
... A64: 30 | B64: 1.921 | C64: 2.372 | D64: 30 | E64: 1.849 | F64: 2.256 | G64: 30 | H64: 2.211 | J64: 30 | K64: 2.002 | L64: 2.536 | M64: 30 | N64: 1.689 | P64: 30 | Q64: 1.618
B65: =AVERAGE(B3:B64) -> 1.919371 | C65: =AVERAGE(C3:C64) -> 2.3798387 | E65: =AVERAGE(E3:E64) -> 1.8591452 | F65: =AVERAGE(F3:F64) -> 2.2529516 | H65: =AVERAGE(H3:H64) -> 2.2084516 | K65: =AVERAGE(K3:K64) -> 2.0189194 | L65: =AVERAGE(L3:L64) -> 2.5301129 | N65: =AVERAGE(N3:N64) -> 1.6870968 | Q65: =AVERAGE(Q3:Q64) -> 1.6117742
G68: 再調査
G69: 200N8M | J69: 200N4M
H70: 62.5MHz | I70: 125MHz | K70: 62.5MHz | L70: 125MHz
G71: 0 | H71: 1.992 | J71: 0 | K71: 1.808 | L71: 2.125
G72: 0 | H72: 1.982 | J72: 0 | K72: 1.795 | L72: 2.125
G73: 1 | H73: 1.982 | J73: 1 | K73: 1.795 | L73: 2.105
G74: 1 | H74: 1.992 | J74: 1 | K74: 1.793 | L74: 2.118
G75: 2 | H75: 1.992 | J75: 2 | K75: 1.798 | L75: 2.108
G76: 2 | H76: 1.992 | J76: 2 | K76: 1.795 | L76: 2.108
G77: 3 | H77: 1.982 | J77: 3 | K77: 1.79 | L77: 2.115
G78: 3 | H78: 1.978 | J78: 3 | K78: 1.79 | L78: 2.105
G79: 4 | H79: 2.002 | J79: 4 | K79: 1.795 | L79: 2.101
G80: 4 | H80: 1.992 | J80: 4 | K80: 1.798 | L80: 2.108
G81: 5 | H81: 1.992 | J81: 5 | K81: 1.786 | L81: 2.115
G82: 5 | H82: 1.992 | J82: 5 | K82: 1.793 | L82: 2.118
... G132: 30 | H132: 1.992 | J132: 30 | K132: 1.798 | L132: 2.115
H133: =AVERAGE(H71:H132) -> 1.9903871 | K133: =AVERAGE(K71:K132) -> 1.7957742 | L133: =AVERAGE(L71:L132) -> 2.1136129

Sheet Sync回路回帰分析
D3: 100N16M~1M | H3: 300N4M~1M62.5MHz | J3: 300N4M~1M125MHz
D4: SynthesisLUT | E4: POWER | H4: SynthesisLUT | I4: POWER | J4: SynthesisLUT | K4: POWER
C5: 16M-12M | D5: =TEG_Syncronous_Pipeline_回路規模!$C$2-TEG_Syncronous_Pipeline_回路規模!$C$3 -> 3775 | E5: =電力データ_0610以降_100N!$C$130-電力データ_0610以降_100N!$C$131 -> 0.076 | G5: 4M-3M | H5: =H13-H14 -> 7988 | I5: =電力データ0610以降_300N!E134 -> 0.039659677 | J5: =H13-H14 -> 7988 | K5: =電力データ0610以降_300N!I134 -> 0.10451613
C6: 16M-8M | D6: =TEG_Syncronous_Pipeline_回路規模!$C$2-TEG_Syncronous_Pipeline_回路規模!$C$4 -> 8042 | E6: =電力データ_0610以降_100N!$C$130-電力データ_0610以降_100N!$C$132 -> 0.174 | G6: 4M-2M | H6: =H13-H15 -> 15556 | I6: =電力データ0610以降_300N!E135 -> 0.11812903 | J6: =H13-H15 -> 15556 | K6: =電力データ0610以降_300N!I135 -> 0.2431129
C7: 16M-4M | D7: =TEG_Syncronous_Pipeline_回路規模!$C$2-TEG_Syncronous_Pipeline_回路規模!$C$5 -> 17660 | E7: =電力データ_0610以降_100N!$C$130-電力データ_0610以降_100N!$C$133 -> 0.272 | G7: 4M-1M | H7: =H13-H16 -> 23054 | I7: =電力データ0610以降_300N!E136 -> 0.18467742 | J7: =H13-H16 -> 23054 | K7: =電力データ0610以降_300N!I136 -> 0.30714516
C8: 16M-2M | D8: =TEG_Syncronous_Pipeline_回路規模!$C$2-TEG_Syncronous_Pipeline_回路規模!$C$6 -> 23794 | E8: =電力データ_0610以降_100N!$C$130-電力データ_0610以降_100N!$C$134 -> 0.322 | G8: 3M-2M | H8: =H14-H9 -> 15066 | I8: =電力データ0610以降_300N!E137 -> 0.078469355 | J8: =H14-H15 -> 7568 | K8: =電力データ0610以降_300N!I137 -> 0.13859677
C9: 16M-1M | D9: =TEG_Syncronous_Pipeline_回路規模!$C$2-TEG_Syncronous_Pipeline_回路規模!$C$7 -> 26971 | E9: =電力データ_0610以降_100N!$C$130-電力データ_0610以降_100N!$C$135 -> 0.345 | G9: 3M-1M | H9: =H16 -> 7830 | I9: =電力データ0610以降_300N!E138 -> 0.14501774 | J9: =H14-H16 -> 15066 | K9: =電力データ0610以降_300N!I138 -> 0.20262903
C10: 12M -8M | D10: =TEG_Syncronous_Pipeline_回路規模!$C$3-TEG_Syncronous_Pipeline_回路規模!$C$4 -> 4267 | E10: =電力データ_0610以降_100N!$C$131-電力データ_0610以降_100N!$C$132 -> 0.098 | G10: 2M-1M | H10: =H15-H16 -> 7498 | I10: =電力データ0610以降_300N!E139 -> 0.066548387 | J10: =H15-H16 -> 7498 | K10: =電力データ0610以降_300N!I139 -> 0.064032258
C11: 12M-4M | D11: =TEG_Syncronous_Pipeline_回路規模!$C$3-TEG_Syncronous_Pipeline_回路規模!$C$5 -> 13885 | E11: =電力データ_0610以降_100N!$C$131-電力データ_0610以降_100N!$C$133 -> 0.196
C12: 12M-2M | D12: =TEG_Syncronous_Pipeline_回路規模!$C$3-TEG_Syncronous_Pipeline_回路規模!$C$6 -> 20019 | E12: =電力データ_0610以降_100N!$C$131-電力データ_0610以降_100N!$C$134 -> 0.246
C13: 12M-1M | D13: =TEG_Syncronous_Pipeline_回路規模!$C$3-TEG_Syncronous_Pipeline_回路規模!$C$7 -> 23196 | E13: =電力データ_0610以降_100N!$C$131-電力データ_0610以降_100N!$C$135 -> 0.269 | H13: =TEG_Syncronous_Pipeline_回路規模!$I$3 -> 30884
C14: 8M-4M | D14: =TEG_Syncronous_Pipeline_回路規模!$C$4-TEG_Syncronous_Pipeline_回路規模!$C$5 -> 9618 | E14: =電力データ_0610以降_100N!$C$132-電力データ_0610以降_100N!$C$133 -> 0.098 | H14: =TEG_Syncronous_Pipeline_回路規模!$I$4 -> 22896
C15: 8M-2M | D15: =TEG_Syncronous_Pipeline_回路規模!$C$4-TEG_Syncronous_Pipeline_回路規模!$C$6 -> 15752 | E15: =電力データ_0610以降_100N!$C$132-電力データ_0610以降_100N!$C$134 -> 0.148 | H15: =TEG_Syncronous_Pipeline_回路規模!$I$5 -> 15328
C16: 8M-1M | D16: =TEG_Syncronous_Pipeline_回路規模!$C$4-TEG_Syncronous_Pipeline_回路規模!$C$7 -> 18929 | E16: =電力データ_0610以降_100N!$C$132-電力データ_0610以降_100N!$C$135 -> 0.171 | H16: =TEG_Syncronous_Pipeline_回路規模!$I$6 -> 7830
C17: 4M-2M | D17: =TEG_Syncronous_Pipeline_回路規模!$C$5-TEG_Syncronous_Pipeline_回路規模!$C$6 -> 6134 | E17: =電力データ_0610以降_100N!$C$133-電力データ_0610以降_100N!$C$134 -> 0.05
C18: 4M-1M | D18: =TEG_Syncronous_Pipeline_回路規模!$C$5-TEG_Syncronous_Pipeline_回路規模!$C$7 -> 9311 | E18: =電力データ_0610以降_100N!$C$133-電力データ_0610以降_100N!$C$135 -> 0.073
C19: 2M-1M | D19: =TEG_Syncronous_Pipeline_回路規模!$C$6-TEG_Syncronous_Pipeline_回路規模!$C$7 -> 3177 | E19: =電力データ_0610以降_100N!$C$134-電力データ_0610以降_100N!$C$135 -> 0.023
C25: テスト回路名 | D25: NOT段数 | E25: レジスタ数 | F25: imp LUT | G25: syn LUT | H25: 100N62.5MHz電力
C26: 62.5MHz100N16M | D26: 16 | E26: 3351 | F26: =TEG_Syncronous_Pipeline_回路規模!$C$2 -> 30226 | G26: =TEG_Syncronous_Pipeline_回路規模!D11 -> 51293 | H26: =電力データ_0610以降_100N!$F$224 -> 1.8938226
C27: 62.5MHz100N12M | D27: 12 | E27: 3351 | F27: =TEG_Syncronous_Pipeline_回路規模!$C$3 -> 26451 | G27: =TEG_Syncronous_Pipeline_回路規模!D12 -> 38497 | H27: =電力データ_0610以降_100N!$F$225 -> 1.8137097
C28: 62.5MHz100N8M | D28: 8 | E28: 3351 | F28: =TEG_Syncronous_Pipeline_回路規模!$C$4 -> 22184 | G28: =TEG_Syncronous_Pipeline_回路規模!D13 -> 25697 | H28: =電力データ_0610以降_100N!$F$226 -> 1.7232742
C29: 62.5MHz100N4M | D29: 4 | E29: 3351 | F29: =TEG_Syncronous_Pipeline_回路規模!$C$5 -> 12566 | G29: =TEG_Syncronous_Pipeline_回路規模!D14 -> 12897 | H29: =電力データ_0610以降_100N!$F$227 -> 1.6362419
C30: 62.5MHz100N2M | D30: 2 | E30: 3351 | F30: =TEG_Syncronous_Pipeline_回路規模!$C$6 -> 6432 | G30: =TEG_Syncronous_Pipeline_回路規模!D15 -> 6497 | H30: =電力データ_0610以降_100N!$F$228 -> 1.5922097
C31: 62.5MHz100N1M | D31: 1 | E31: 3351 | F31: =TEG_Syncronous_Pipeline_回路規模!$C$7 -> 3255 | G31: =TEG_Syncronous_Pipeline_回路規模!D16 -> 3297 | H31: =電力データ_0610以降_100N!$F$229 -> 1.5545
C32: 62.5MHz100N0M | D32: 0 | E32: 3351 | F32: =TEG_Syncronous_Pipeline_回路規模!$C$8 -> 96 | H32: =電力データ_0610以降_100N!$I$65 -> 1.5473065
C33: テスト回路名 | D33: NOT段数 | E33: レジスタ数 | F33: imp LUT | G33: syn LUT | H33: 300N62.5MHz電力
C34: 62.5MHz300N4M | D34: 4 | E34: =電力データ0610以降_300N!$D$177 -> 9786 | F34: =TEG_Syncronous_Pipeline_回路規模!$I$3 -> 30884 | G34: =TEG_Syncronous_Pipeline_回路規模!K3 -> 38497 | H34: =電力データ0610以降_300N!$F$177 -> 1.885
C35: 62.5MHz300N3M | D35: 3 | E35: =電力データ0610以降_300N!$D$178 -> 9786 | F35: =TEG_Syncronous_Pipeline_回路規模!$I$4 -> 22896 | G35: =TEG_Syncronous_Pipeline_回路規模!K4 -> 28897 | H35: =電力データ0610以降_300N!$F$178 -> 1.8492742
C36: 62.5MHz300N2M | D36: 2 | E36: =電力データ0610以降_300N!$D$179 -> 9786 | F36: =TEG_Syncronous_Pipeline_回路規模!$I$5 -> 15328 | G36: =TEG_Syncronous_Pipeline_回路規模!K5 -> 19297 | H36: =電力データ0610以降_300N!$F$179 -> 1.7670484
C37: 62.5MHz300N1M | D37: 1 | E37: =電力データ0610以降_300N!$D$180 -> 9786 | F37: =TEG_Syncronous_Pipeline_回路規模!$I$6 -> 7830 | G37: =TEG_Syncronous_Pipeline_回路規模!K6 -> 9697 | H37: =電力データ0610以降_300N!$F$180 -> 1.7039194
C38: 62.5MHz300N0M | D38: 0 | E38: 9786 | F38: =TEG_Syncronous_Pipeline_回路規模!$I$7 -> 96 | H38: =電力データ0610以降_300N!$G$64 -> 1.634371
H39: 300N125MHz電力
C40: 125MHz300N4M | D40: 4 | E40: =電力データ0610以降_300N!$D$177 -> 9786 | F40: =TEG_Syncronous_Pipeline_回路規模!$I$3 -> 30884 | G40: =TEG_Syncronous_Pipeline_回路規模!K3 -> 38497 | H40: =電力データ0610以降_300N!$G$177 -> 2.3286935
C41: 125MHz300N3M | D41: 3 | E41: =電力データ0610以降_300N!$D$178 -> 9786 | F41: =TEG_Syncronous_Pipeline_回路規模!$I$4 -> 22896 | G41: =TEG_Syncronous_Pipeline_回路規模!K4 -> 28897 | H41: =電力データ0610以降_300N!$G$178 -> 2.2266935
C42: 125MHz300N2M | D42: 2 | E42: =電力データ0610以降_300N!$D$179 -> 9786 | F42: =TEG_Syncronous_Pipeline_回路規模!$I$5 -> 15328 | G42: =TEG_Syncronous_Pipeline_回路規模!K5 -> 19297 | H42: =電力データ0610以降_300N!$G$179 -> 2.0861935
C43: 125MHz300N1M | D43: 1 | E43: =電力データ0610以降_300N!$D$180 -> 9786 | F43: =TEG_Syncronous_Pipeline_回路規模!$I$6 -> 7830 | G43: =TEG_Syncronous_Pipeline_回路規模!K6 -> 9697 | H43: =電力データ0610以降_300N!$G$180 -> 2.0621774
A44: 分析用 | C44: 125MHz300N0M | D44: 0 | E44: 9786 | F44: =TEG_Syncronous_Pipeline_回路規模!$I$7 -> 96 | H44: =電力データ0610以降_300N!$T$64 -> 1.8033226 | J44: 得た係数をもとに推定した電力 | Y44: ① | Z44: レジスタ数、ImpLUT数を変数に | AN44: ①ー２ | BR44: 考察：回路の停止時電力に差がある（恐らくレジスタ数、動作周波数が影響）ので、動作時電力にこれを加味するべきか否か
A45: サンプル名 | B45: サンプル | C45: Y（電力[W]） | D45: X1（周波数[MHz]） | E45: X2 （N：ステージ数） | F45: X3（M：Not段数） | K45: Y（電力[W]） | L45: X1（周波数[MHz]） | M45: X2 （N：ステージ数） | N45: X3（M：Not段数） | O45: 切片 | Y45: 分析用 | AH45: Y（電力[W]） | AI45: X1（周波数[MHz]） | AJ45: X2 （レジスタ数） | AK45: X3（LUT数） | AL45: 切片 | AN45: 検証用 | AO45: 実測値 | AP45: Y（電力[W]） | AQ45: X1（周波数[MHz]） | AR45: X2 （レジスタ数） | AS45: X3（LUT数） | AT45: 切片 | BL45: 停止時電力を引く→ボードの電力を除いてみrう | BR45: 完全に回路が静止しているわけではなく、Inputデータの更新が止まっているだけ→CLKは常に動作している→CLKが「停止時電力」の差に現れている
A46: 100N16M | B46: 0 | C46: =電力データ_0610以降_100N!$F$224 -> 1.8938226 | D46: 62.5 | E46: 100 | F46: 16 | L46: 0.0053358968 | M46: 0.0010194623 | N46: 0.028029436 | O46: 1.0725315 | Y46: サンプル名 | Z46: サンプル | AA46: Y（電力[W]） | AB46: X1（周波数[MHz]） | AC46: X2-1Reginum | AD46: X3-1 Imp LUTnum | AE46: 予備 | AI46: 0.0053358968 | AJ46: 1.1918127e-05 | AK46: 1.1682162e-05 | AL46: =Z82 -> 1.1378135 | AP46: 推定値 | AQ46: 0.0053358968 | AR46: 1.1918127e-05 | AS46: 1.1682162e-05 | AT46: 1.1378135 | BR46: 回路停止時電力ではないのでこの手法はいまいち？岡村のように、停止時電力を測る用の回路を作るなどの方法が必要
A47: 100N12M | B47: 1 | C47: =電力データ_0610以降_100N!$F$225 -> 1.8137097 | D47: 62.5 | E47: 100 | F47: 12 | J47: 100N16M | K47: =L47*$L$46+M47*$M$46+N47*$N$46+$O$46 -> 1.9564422 | L47: 62.5 | M47: 100 | N47: 16 | Y47: 100N16M | Z47: 0 | AA47: =電力データ_0610以降_100N!$F$224 -> 1.8938226 | AB47: 62.5 | AC47: 3351 | AD47: =TEG_Syncronous_Pipeline_回路規模!$C$2 -> 30226 | AG47: 100N16M | AH47: =AI47*$AI$46+AJ47*$AJ$46+AK47*$AK$46+$AL$46 -> 1.8643497 | AI47: 62.5 | AJ47: 3351 | AK47: =TEG_Syncronous_Pipeline_回路規模!$C$2 -> 30226 | AN47: 62.5MHz400N3M | AO47: =Sync回路_検証用データ群!B65 -> 1.919371 | AP47: =AQ47*$AQ$46+AR47*$AR$46+AS47*$AS$46+$AT$46 -> 1.9617511 | AQ47: 62.5 | AR47: =TEG_Syncronous_Pipeline_回路規模!E19 -> 12986 | AS47: =TEG_Syncronous_Pipeline_回路規模!B19 -> 28734 | BL47: サンプル名 | BM47: サンプル | BN47: 動作時電力[W]） | BO47: 停止時電力 | BP47: 実装回路動作時電力100N62.5MHz | BQ47: X1（周波数[MHz]） | BR47: X2-1Reginum | BS47: X3-1 Imp LUTnum | BT47: 予備 | BW47: 概要
A48: 100N8M | B48: 2 | C48: =電力データ_0610以降_100N!$F$226 -> 1.7232742 | D48: 62.5 | E48: 100 | F48: 8 | J48: 100N12M | K48: =L48*$L$46+M48*$M$46+N48*$N$46+$O$46 -> 1.8443245 | L48: 62.5 | M48: 100 | N48: 12 | Y48: 100N12M | Z48: 1 | AA48: =電力データ_0610以降_100N!$F$225 -> 1.8137097 | AB48: 62.5 | AC48: 3351 | AD48: =TEG_Syncronous_Pipeline_回路規模!$C$3 -> 26451 | AG48: 100N12M | AH48: =AI48*$AI$46+AJ48*$AJ$46+AK48*$AK$46+$AL$46 -> 1.8202496 | AI48: 62.5 | AJ48: 3351 | AK48: =TEG_Syncronous_Pipeline_回路規模!$C$3 -> 26451 | AN48: 62.5MHz400N2M | AO48: =Sync回路_検証用データ群!E65 -> 1.8591452 | AP48: =AQ48*$AQ$46+AR48*$AR$46+AS48*$AS$46+$AT$46 -> 1.9248355 | AQ48: 62.5 | AR48: =TEG_Syncronous_Pipeline_回路規模!E20 -> 12986 | AS48: =TEG_Syncronous_Pipeline_回路規模!B20 -> 25574 | BL48: 100N16M | BM48: 0 | BN48: =電力データ_0610以降_100N!$F$224 -> 1.8938226 | BO48: =電力データ_0610以降_100N!M65 -> 1.5085 | BP48: =BN48-BO48 -> 0.38532258 | BQ48: 62.5 | BR48: 3351 | BS48: =TEG_Syncronous_Pipeline_回路規模!$C$2 -> 30226
A49: 100N4M | B49: 3 | C49: =電力データ_0610以降_100N!$F$227 -> 1.6362419 | D49: 62.5 | E49: 100 | F49: 4 | J49: 100N8M | K49: =L49*$L$46+M49*$M$46+N49*$N$46+$O$46 -> 1.7322067 | L49: 62.5 | M49: 100 | N49: 8 | Y49: 100N8M | Z49: 2 | AA49: =電力データ_0610以降_100N!$F$226 -> 1.7232742 | AB49: 62.5 | AC49: 3351 | AD49: =TEG_Syncronous_Pipeline_回路規模!$C$4 -> 22184 | AG49: 100N8M | AH49: =AI49*$AI$46+AJ49*$AJ$46+AK49*$AK$46+$AL$46 -> 1.7704018 | AI49: 62.5 | AJ49: 3351 | AK49: =TEG_Syncronous_Pipeline_回路規模!$C$4 -> 22184 | AN49: 62.5MHz200N8M | AO49: =Sync回路_検証用データ群!H133 -> 1.9903871 | AP49: =AQ49*$AQ$46+AR49*$AR$46+AS49*$AS$46+$AT$46 -> 1.9200192 | AQ49: 62.5 | AR49: =TEG_Syncronous_Pipeline_回路規模!E22 -> 6586 | AS49: =TEG_Syncronous_Pipeline_回路規模!B22 -> 31691 | BL49: 100N12M | BM49: 1 | BN49: =電力データ_0610以降_100N!$F$225 -> 1.8137097 | BO49: =電力データ_0610以降_100N!N65 -> 1.5056774 | BP49: =BN49-BO49 -> 0.30803226 | BQ49: 62.5 | BR49: 3351 | BS49: =TEG_Syncronous_Pipeline_回路規模!$C$3 -> 26451 | BW49: 回帰統計
A50: 100N2M | B50: 4 | C50: =電力データ_0610以降_100N!$F$228 -> 1.5922097 | D50: 62.5 | E50: 100 | F50: 2 | J50: 100N4M | K50: =L50*$L$46+M50*$M$46+N50*$N$46+$O$46 -> 1.620089 | L50: 62.5 | M50: 100 | N50: 4 | Y50: 100N4M | Z50: 3 | AA50: =電力データ_0610以降_100N!$F$227 -> 1.6362419 | AB50: 62.5 | AC50: 3351 | AD50: =TEG_Syncronous_Pipeline_回路規模!$C$5 -> 12566 | AG50: 100N4M | AH50: =AI50*$AI$46+AJ50*$AJ$46+AK50*$AK$46+$AL$46 -> 1.6580427 | AI50: 62.5 | AJ50: 3351 | AK50: =TEG_Syncronous_Pipeline_回路規模!$C$5 -> 12566 | AN50: 62.5MHz200N4M | AO50: =Sync回路_検証用データ群!K133 -> 1.7957742 | AP50: =AQ50*$AQ$46+AR50*$AR$46+AS50*$AS$46+$AT$46 -> 1.8169826 | AQ50: 62.5 | AR50: =TEG_Syncronous_Pipeline_回路規模!E23 -> 6586 | AS50: =TEG_Syncronous_Pipeline_回路規模!B23 -> 22871 | BL50: 100N8M | BM50: 2 | BN50: =電力データ_0610以降_100N!$F$226 -> 1.7232742 | BO50: =電力データ_0610以降_100N!O65 -> 1.5056452 | BP50: =BN50-BO50 -> 0.21762903 | BQ50: 62.5 | BR50: 3351 | BS50: =TEG_Syncronous_Pipeline_回路規模!$C$4 -> 22184 | BW50: 重相関 R | BX50: 0.97260047
A51: 100N1M | B51: 5 | C51: =電力データ_0610以降_100N!$F$229 -> 1.5545 | D51: 62.5 | E51: 100 | F51: 1 | J51: 100N2M | K51: =L51*$L$46+M51*$M$46+N51*$N$46+$O$46 -> 1.5640301 | L51: 62.5 | M51: 100 | N51: 2 | Y51: 100N2M | Z51: 4 | AA51: =電力データ_0610以降_100N!$F$228 -> 1.5922097 | AB51: 62.5 | AC51: 3351 | AD51: =TEG_Syncronous_Pipeline_回路規模!$C$6 -> 6432 | AG51: 100N2M | AH51: =AI51*$AI$46+AJ51*$AJ$46+AK51*$AK$46+$AL$46 -> 1.5863844 | AI51: 62.5 | AJ51: 3351 | AK51: =TEG_Syncronous_Pipeline_回路規模!$C$6 -> 6432 | AN51: 62.5MHz50N16M | AO51: =Sync回路_検証用データ群!N65 -> 1.6870968 | AP51: =AQ51*$AQ$46+AR51*$AR$46+AS51*$AS$46+$AT$46 -> 1.689963 | AQ51: 62.5 | AR51: =TEG_Syncronous_Pipeline_回路規模!E25 -> 1786 | AS51: =TEG_Syncronous_Pipeline_回路規模!B25 -> 16895 | BL51: 100N4M | BM51: 3 | BN51: =電力データ_0610以降_100N!$F$227 -> 1.6362419 | BO51: =電力データ_0610以降_100N!P65 -> 1.5045806 | BP51: =BN51-BO51 -> 0.13166129 | BQ51: 62.5 | BR51: 3351 | BS51: =TEG_Syncronous_Pipeline_回路規模!$C$5 -> 12566 | BW51: 重決定 R2 | BX51: 0.94595168
A52: 100N0M | B52: 6 | C52: =電力データ_0610以降_100N!$I$65 -> 1.5473065 | D52: 62.5 | E52: 100 | F52: 0 | J52: 100N1M | K52: =L52*$L$46+M52*$M$46+N52*$N$46+$O$46 -> 1.5360007 | L52: 62.5 | M52: 100 | N52: 1 | Y52: 100N1M | Z52: 5 | AA52: =電力データ_0610以降_100N!$F$229 -> 1.5545 | AB52: 62.5 | AC52: 3351 | AD52: =TEG_Syncronous_Pipeline_回路規模!$C$7 -> 3255 | AG52: 100N1M | AH52: =AI52*$AI$46+AJ52*$AJ$46+AK52*$AK$46+$AL$46 -> 1.5492701 | AI52: 62.5 | AJ52: 3351 | AK52: =TEG_Syncronous_Pipeline_回路規模!$C$7 -> 3255 | AN52: 62.5MHz50N8M | AO52: =Sync回路_検証用データ群!Q65 -> 1.6117742 | AP52: =AQ52*$AQ$46+AR52*$AR$46+AS52*$AS$46+$AT$46 -> 1.6265522 | AQ52: 62.5 | AR52: =TEG_Syncronous_Pipeline_回路規模!E26 -> 1786 | AS52: =TEG_Syncronous_Pipeline_回路規模!B26 -> 11467 | BL52: 100N2M | BM52: 4 | BN52: =電力データ_0610以降_100N!$F$228 -> 1.5922097 | BO52: =電力データ_0610以降_100N!Q65 -> 1.5017419 | BP52: =BN52-BO52 -> 0.090467742 | BQ52: 62.5 | BR52: 3351 | BS52: =TEG_Syncronous_Pipeline_回路規模!$C$6 -> 6432 | BW52: 補正 R2 | BX52: 0.93347899
A53: 300N4M | B53: 7 | C53: =電力データ0610以降_300N!$F$177 -> 1.885 | D53: 62.5 | E53: 300 | F53: 4 | J53: 100N0M | K53: =L53*$L$46+M53*$M$46+N53*$N$46+$O$46 -> 1.5079713 | L53: 62.5 | M53: 100 | N53: 0 | Y53: 100N0M | Z53: 6 | AA53: =電力データ_0610以降_100N!$I$65 -> 1.5473065 | AB53: 62.5 | AC53: 3351 | AD53: =TEG_Syncronous_Pipeline_回路規模!$C$8 -> 96 | AG53: 100N0M | AH53: =AI53*$AI$46+AJ53*$AJ$46+AK53*$AK$46+$AL$46 -> 1.5123662 | AI53: 62.5 | AJ53: 3351 | AK53: =TEG_Syncronous_Pipeline_回路規模!$C$8 -> 96 | AN53: 125MHz400N3M | AO53: =Sync回路_検証用データ群!C65 -> 2.3798387 | AP53: =AQ53*$AQ$46+AR53*$AR$46+AS53*$AS$46+$AT$46 -> 2.2952446 | AQ53: 125 | AR53: =TEG_Syncronous_Pipeline_回路規模!E20 -> 12986 | AS53: =TEG_Syncronous_Pipeline_回路規模!B19 -> 28734 | BL53: 100N1M | BM53: 5 | BN53: =電力データ_0610以降_100N!$F$229 -> 1.5545 | BO53: =電力データ_0610以降_100N!R65 -> 1.502871 | BP53: =BN53-BO53 -> 0.051629032 | BQ53: 62.5 | BR53: 3351 | BS53: =TEG_Syncronous_Pipeline_回路規模!$C$7 -> 3255 | BW53: 標準誤差 | BX53: 0.048416228
A54: 300N3M | B54: 8 | C54: =電力データ0610以降_300N!$F$178 -> 1.8492742 | D54: 62.5 | E54: 300 | F54: 3 | J54: 300N4M | K54: =L54*$L$46+M54*$M$46+N54*$N$46+$O$46 -> 1.8239815 | L54: 62.5 | M54: 300 | N54: 4 | Y54: 300N4M | Z54: 7 | AA54: =電力データ0610以降_300N!$F$177 -> 1.885 | AB54: 62.5 | AC54: =電力データ0610以降_300N!$D$177 -> 9786 | AD54: =TEG_Syncronous_Pipeline_回路規模!$I$3 -> 30884 | AE54: 62.5 | AG54: 300N4M | AH54: =AI54*$AI$46+AJ54*$AJ$46+AK54*$AK$46+$AL$46 -> 1.9487297 | AI54: 62.5 | AJ54: =電力データ0610以降_300N!$D$177 -> 9786 | AK54: =TEG_Syncronous_Pipeline_回路規模!$I$3 -> 30884 | AN54: 125MHz400N2M | AO54: =Sync回路_検証用データ群!F65 -> 2.2529516 | AP54: =AQ54*$AQ$46+AR54*$AR$46+AS54*$AS$46+$AT$46 -> 2.258329 | AQ54: 125 | AR54: =TEG_Syncronous_Pipeline_回路規模!E20 -> 12986 | AS54: =TEG_Syncronous_Pipeline_回路規模!B20 -> 25574 | BL54: 100N0M | BM54: 6 | BN54: =電力データ_0610以降_100N!$I$65 -> 1.5473065 | BO54: =電力データ_0610以降_100N!R65 -> 1.502871 | BP54: =BN54-BO54 -> 0.044435484 | BQ54: 62.5 | BR54: 3351 | BS54: =TEG_Syncronous_Pipeline_回路規模!$C$8 -> 96 | BW54: 観測数 | BX54: 17
A55: 300N2M | B55: 9 | C55: =電力データ0610以降_300N!$F$179 -> 1.7670484 | D55: 62.5 | E55: 300 | F55: 2 | J55: 300N3M | K55: =L55*$L$46+M55*$M$46+N55*$N$46+$O$46 -> 1.795952 | L55: 62.5 | M55: 300 | N55: 3 | Y55: 300N3M | Z55: 8 | AA55: =電力データ0610以降_300N!$F$178 -> 1.8492742 | AB55: 62.5 | AC55: =電力データ0610以降_300N!$D$178 -> 9786 | AD55: =TEG_Syncronous_Pipeline_回路規模!$I$4 -> 22896 | AE55: 62.5 | AG55: 300N3M | AH55: =AI55*$AI$46+AJ55*$AJ$46+AK55*$AK$46+$AL$46 -> 1.8554126 | AI55: 62.5 | AJ55: =電力データ0610以降_300N!$D$178 -> 9786 | AK55: =TEG_Syncronous_Pipeline_回路規模!$I$4 -> 22896 | AN55: 125MHz400N4M | AO55: =Sync回路_検証用データ群!L133 -> 2.1136129 | AP55: =AQ55*$AQ$46+AR55*$AR$46+AS55*$AS$46+$AT$46 -> 2.1504761 | AQ55: 125 | AR55: =TEG_Syncronous_Pipeline_回路規模!E23 -> 6586 | AS55: =TEG_Syncronous_Pipeline_回路規模!B23 -> 22871 | BK55: 実装回路動作時電力300N62.5MHz | BL55: 300N4M | BM55: 7 | BN55: =電力データ0610以降_300N!$F$177 -> 1.885 | BO55: =電力データ0610以降_300N!I64 -> 1.5348871 | BP55: =BN55-BO55 -> 0.3501129 | BQ55: 62.5 | BR55: =電力データ0610以降_300N!$D$177 -> 9786 | BS55: =TEG_Syncronous_Pipeline_回路規模!$I$3 -> 30884 | BT55: 62.5
A56: 300N1M | B56: 10 | C56: =電力データ0610以降_300N!$F$180 -> 1.7039194 | D56: 62.5 | E56: 300 | F56: 1 | J56: 300N2M | K56: =L56*$L$46+M56*$M$46+N56*$N$46+$O$46 -> 1.7679226 | L56: 62.5 | M56: 300 | N56: 2 | Y56: 300N2M | Z56: 9 | AA56: =電力データ0610以降_300N!$F$179 -> 1.7670484 | AB56: 62.5 | AC56: =電力データ0610以降_300N!$D$179 -> 9786 | AD56: =TEG_Syncronous_Pipeline_回路規模!$I$5 -> 15328 | AE56: 62.5 | AG56: 300N2M | AH56: =AI56*$AI$46+AJ56*$AJ$46+AK56*$AK$46+$AL$46 -> 1.767002 | AI56: 62.5 | AJ56: =電力データ0610以降_300N!$D$179 -> 9786 | AK56: =TEG_Syncronous_Pipeline_回路規模!$I$5 -> 15328 | BL56: 300N3M | BM56: 8 | BN56: =電力データ0610以降_300N!$F$178 -> 1.8492742 | BO56: =電力データ0610以降_300N!J64 -> 1.538821 | BP56: =BN56-BO56 -> 0.31045323 | BQ56: 62.5 | BR56: =電力データ0610以降_300N!$D$178 -> 9786 | BS56: =TEG_Syncronous_Pipeline_回路規模!$I$4 -> 22896 | BT56: 62.5 | BW56: 分散分析表
A57: 300N0M | B57: 16 | C57: =電力データ0610以降_300N!$T$64 -> 1.8033226 | D57: 125 | E57: 300 | F57: 0 | J57: 300N1M | K57: =L57*$L$46+M57*$M$46+N57*$N$46+$O$46 -> 1.7398931 | L57: 62.5 | M57: 300 | N57: 1 | Y57: 300N1M | Z57: 10 | AA57: =電力データ0610以降_300N!$F$180 -> 1.7039194 | AB57: 62.5 | AC57: =電力データ0610以降_300N!$D$180 -> 9786 | AD57: =TEG_Syncronous_Pipeline_回路規模!$I$6 -> 7830 | AE57: 62.5 | AG57: 300N1M | AH57: =AI57*$AI$46+AJ57*$AJ$46+AK57*$AK$46+$AL$46 -> 1.6794092 | AI57: 62.5 | AJ57: =電力データ0610以降_300N!$D$180 -> 9786 | AK57: =TEG_Syncronous_Pipeline_回路規模!$I$6 -> 7830 | BL57: 300N2M | BM57: 9 | BN57: =電力データ0610以降_300N!$F$179 -> 1.7670484 | BO57: =電力データ0610以降_300N!K64 -> 1.5350645 | BP57: =BN57-BO57 -> 0.23198387 | BQ57: 62.5 | BR57: =電力データ0610以降_300N!$D$179 -> 9786 | BS57: =TEG_Syncronous_Pipeline_回路規模!$I$5 -> 15328 | BT57: 62.5 | BX57: 自由度 | BY57: 変動 | BZ57: 分散 | CA57: 観測された分散比 | CB57: 有意 F
A58: 300N4M | B58: 12 | C58: =電力データ0610以降_300N!$G$177 -> 2.3286935 | D58: 125 | E58: 300 | F58: 4 | J58: 300N0M | K58: =L58*$L$46+M58*$M$46+N58*$N$46+$O$46 -> 1.7118637 | L58: 62.5 | M58: 300 | N58: 0 | Y58: 300N0M | Z58: 11 | AA58: =電力データ0610以降_300N!$G$64 -> 1.634371 | AB58: 62.5 | AC58: 9786 | AD58: =TEG_Syncronous_Pipeline_回路規模!$I$7 -> 96 | AE58: 62.5 | AG58: 300N0M | AH58: =AI58*$AI$46+AJ58*$AJ$46+AK58*$AK$46+$AL$46 -> 1.5890593 | AI58: 62.5 | AJ58: 9786 | AK58: =TEG_Syncronous_Pipeline_回路規模!$I$7 -> 96 | BL58: 300N1M | BM58: 10 | BN58: =電力データ0610以降_300N!$F$180 -> 1.7039194 | BO58: =電力データ0610以降_300N!L64 -> 1.5384839 | BP58: =BN58-BO58 -> 0.16543548 | BQ58: 62.5 | BR58: =電力データ0610以降_300N!$D$180 -> 9786 | BS58: =TEG_Syncronous_Pipeline_回路規模!$I$6 -> 7830 | BT58: 62.5 | BW58: 回帰 | BX58: 3 | BY58: 0.53334968 | BZ58: 0.17778323 | CA58: 75.841843 | CB58: 1.7195588e-08
A59: 300N3M | B59: 13 | C59: =電力データ0610以降_300N!$G$178 -> 2.2266935 | D59: 125 | E59: 300 | F59: 3 | J59: 300N4M | K59: =L59*$L$46+M59*$M$46+N59*$N$46+$O$46 -> 2.157475 | L59: 125 | M59: 300 | N59: 4 | Y59: 300N0M | Z59: 16 | AA59: =電力データ0610以降_300N!$T$64 -> 1.8033226 | AB59: 125 | AC59: 9786 | AD59: =TEG_Syncronous_Pipeline_回路規模!$I$7 -> 96 | AE59: 125 | AG59: 300N4M | AH59: =AI59*$AI$46+AJ59*$AJ$46+AK59*$AK$46+$AL$46 -> 2.2822233 | AI59: 125 | AJ59: =電力データ0610以降_300N!$D$177 -> 9786 | AK59: =TEG_Syncronous_Pipeline_回路規模!$I$3 -> 30884 | BL59: 300N0M | BM59: 11 | BN59: =電力データ0610以降_300N!$G$64 -> 1.634371 | BO59: =電力データ0610以降_300N!L64 -> 1.5384839 | BP59: =BN59-BO59 -> 0.095887097 | BQ59: 62.5 | BR59: 9786 | BS59: =TEG_Syncronous_Pipeline_回路規模!$I$7 -> 96 | BT59: 62.5 | BW59: 残差 | BX59: 13 | BY59: 0.030473705 | BZ59: 0.0023441311
A60: 300N2M | B60: 14 | C60: =電力データ0610以降_300N!$G$179 -> 2.0861935 | D60: 125 | E60: 300 | F60: 2 | J60: 300N3M | K60: =L60*$L$46+M60*$M$46+N60*$N$46+$O$46 -> 2.1294456 | L60: 125 | M60: 300 | N60: 3 | Y60: 300N4M | Z60: 12 | AA60: =電力データ0610以降_300N!$G$177 -> 2.3286935 | AB60: 125 | AC60: =電力データ0610以降_300N!$D$177 -> 9786 | AD60: =TEG_Syncronous_Pipeline_回路規模!$I$3 -> 30884 | AE60: 125 | AG60: 300N3M | AH60: =AI60*$AI$46+AJ60*$AJ$46+AK60*$AK$46+$AL$46 -> 2.1889062 | AI60: 125 | AJ60: =電力データ0610以降_300N!$D$178 -> 9786 | AK60: =TEG_Syncronous_Pipeline_回路規模!$I$4 -> 22896 | BK60: 実装回路動作時電力300N125MHz | BL60: 300N0M | BM60: 16 | BN60: =電力データ0610以降_300N!$T$64 -> 1.8033226 | BO60: =電力データ0610以降_300N!V64 -> 1.6230968 | BP60: =BN60-BO60 -> 0.18022581 | BQ60: 125 | BR60: 9786 | BS60: =TEG_Syncronous_Pipeline_回路規模!$I$7 -> 96 | BT60: 125 | BW60: 合計 | BX60: 16 | BY60: 0.56382338
A61: 300N1M | B61: 15 | C61: =電力データ0610以降_300N!$G$180 -> 2.0621774 | D61: 125 | E61: 300 | F61: 1 | J61: 300N2M | K61: =L61*$L$46+M61*$M$46+N61*$N$46+$O$46 -> 2.1014161 | L61: 125 | M61: 300 | N61: 2 | Y61: 300N3M | Z61: 13 | AA61: =電力データ0610以降_300N!$G$178 -> 2.2266935 | AB61: 125 | AC61: =電力データ0610以降_300N!$D$178 -> 9786 | AD61: =TEG_Syncronous_Pipeline_回路規模!$I$4 -> 22896 | AE61: 125 | AG61: 300N2M | AH61: =AI61*$AI$46+AJ61*$AJ$46+AK61*$AK$46+$AL$46 -> 2.1004956 | AI61: 125 | AJ61: =電力データ0610以降_300N!$D$179 -> 9786 | AK61: =TEG_Syncronous_Pipeline_回路規模!$I$5 -> 15328 | BL61: 300N4M | BM61: 12 | BN61: =電力データ0610以降_300N!$G$177 -> 2.3286935 | BO61: =電力データ0610以降_300N!W64 -> 1.6256129 | BP61: =BN61-BO61 -> 0.70308065 | BQ61: 125 | BR61: =電力データ0610以降_300N!$D$177 -> 9786 | BS61: =TEG_Syncronous_Pipeline_回路規模!$I$3 -> 30884 | BT61: 125
A62: 300N0M | B62: 11 | C62: =電力データ0610以降_300N!$G$64 -> 1.634371 | D62: 62.5 | E62: 300 | F62: 0 | J62: 300N1M | K62: =L62*$L$46+M62*$M$46+N62*$N$46+$O$46 -> 2.0733867 | L62: 125 | M62: 300 | N62: 1 | Y62: 300N2M | Z62: 14 | AA62: =電力データ0610以降_300N!$G$179 -> 2.0861935 | AB62: 125 | AC62: =電力データ0610以降_300N!$D$179 -> 9786 | AD62: =TEG_Syncronous_Pipeline_回路規模!$I$5 -> 15328 | AE62: 125 | AG62: 300N1M | AH62: =AI62*$AI$46+AJ62*$AJ$46+AK62*$AK$46+$AL$46 -> 2.0129027 | AI62: 125 | AJ62: =電力データ0610以降_300N!$D$180 -> 9786 | AK62: =TEG_Syncronous_Pipeline_回路規模!$I$6 -> 7830 | BL62: 300N3M | BM62: 13 | BN62: =電力データ0610以降_300N!$G$178 -> 2.2266935 | BO62: =電力データ0610以降_300N!X64 -> 1.6237097 | BP62: =BN62-BO62 -> 0.60298387 | BQ62: 125 | BR62: =電力データ0610以降_300N!$D$178 -> 9786 | BS62: =TEG_Syncronous_Pipeline_回路規模!$I$4 -> 22896 | BT62: 125 | BX62: 係数 | BY62: 標準誤差 | BZ62: t | CA62: P-値 | CB62: 下限 95% | CC62: 上限 95% | CD62: 下限 95.0% | CE62: 上限 95.0%
J63: 300N0M | K63: =L63*$L$46+M63*$M$46+N63*$N$46+$O$46 -> 2.0453573 | L63: 125 | M63: 300 | N63: 0 | Y63: 300N1M | Z63: 15 | AA63: =電力データ0610以降_300N!$G$180 -> 2.0621774 | AB63: 125 | AC63: =電力データ0610以降_300N!$D$180 -> 9786 | AD63: =TEG_Syncronous_Pipeline_回路規模!$I$6 -> 7830 | AE63: 125 | AG63: 300N0M | AH63: =AI63*$AI$46+AJ63*$AJ$46+AK63*$AK$46+$AL$46 -> 1.9225529 | AI63: 125 | AJ63: 9786 | AK63: =TEG_Syncronous_Pipeline_回路規模!$I$7 -> 96 | BL63: 300N2M | BM63: 14 | BN63: =電力データ0610以降_300N!$G$179 -> 2.0861935 | BO63: =電力データ0610以降_300N!Y64 -> 1.6637258 | BP63: =BN63-BO63 -> 0.42246774 | BQ63: 125 | BR63: =電力データ0610以降_300N!$D$179 -> 9786 | BS63: =TEG_Syncronous_Pipeline_回路規模!$I$5 -> 15328 | BT63: 125 | BW63: 切片 | BX63: -0.24811928 | BY63: 0.039705253 | BZ63: -6.2490292 | CA63: 2.9763718e-05 | CB63: -0.33389727 | CC63: -0.1623413 | CD63: -0.33389727 | CE63: -0.1623413
BL64: 300N1M | BM64: 15 | BN64: =電力データ0610以降_300N!$G$180 -> 2.0621774 | BO64: =電力データ0610以降_300N!Y64 -> 1.6637258 | BP64: =BN64-BO64 -> 0.39845161 | BQ64: 125 | BR64: =電力データ0610以降_300N!$D$180 -> 9786 | BS64: =TEG_Syncronous_Pipeline_回路規模!$I$6 -> 7830 | BT64: 125 | BW64: X 値 1 | BX64: 0.0036906787 | BY64: 0.00048993778 | BZ64: 7.5329539 | CA64: 4.2930989e-06 | CB64: 0.0026322325 | CC64: 0.0047491249 | CD64: 0.0026322325 | CE64: 0.0047491249
Y65: ①3変数重回帰分析 | BW65: X 値 2 | BX65: 6.8407954e-06 | BY65: 4.4083877e-06 | BZ65: 1.5517681 | CA65: 0.14471451 | CB65: -2.6829471e-06 | CC65: 1.6364538e-05 | CD65: -2.6829471e-06 | CE65: 1.6364538e-05
Y66: 概要 | BW66: X 値 3 | BX66: 1.1766386e-05 | BY66: 1.0754233e-06 | BZ66: 10.941167 | CA66: 6.2761205e-08 | CB66: 9.4430753e-06 | CC66: 1.4089697e-05 | CD66: 9.4430753e-06 | CE66: 1.4089697e-05
A68: 概要 | Y68: 回帰統計
Y69: 重相関 R | Z69: 0.98102698
A70: 回帰統計 | Y70: 重決定 R2 | Z70: 0.96241393
A71: 重相関 R | B71: 0.92737805 | Y71: 補正 R2 | Z71: 0.95374023
A72: 重決定 R2 | B72: 0.86003004 | Y72: 標準誤差 | Z72: 0.049674824
A73: 補正 R2 | B73: 0.82772928 | Y73: 観測数 | Z73: 17
A74: 標準誤差 | B74: 0.095860638
A75: 観測数 | B75: 17 | Y75: 分散分析表
Z76: 自由度 | AA76: 変動 | AB76: 分散 | AC76: 観測された分散比 | AD76: 有意 F
A77: 分散分析表 | Y77: 回帰 | Z77: 3 | AA77: 0.82139312 | AB77: 0.27379771 | AC77: 110.95762 | AD77: 1.6339362e-09
B78: 自由度 | C78: 変動 | D78: 分散 | E78: 観測された分散比 | F78: 有意 F | Y78: 残差 | Z78: 13 | AA78: 0.032078646 | AB78: 0.0024675882
A79: 回帰 | B79: 3 | C79: 0.73401136 | D79: 0.24467045 | E79: 26.625691 | F79: 8.0145502e-06 | Y79: 合計 | Z79: 16 | AA79: 0.85347176
A80: 残差 | B80: 13 | C80: 0.11946041 | D80: 0.0091892619
A81: 合計 | B81: 16 | C81: 0.85347176 | Z81: 係数 | AA81: 標準誤差 | AB81: t | AC81: P-値 | AD81: 下限 95% | AE81: 上限 95% | AF81: 下限 95.0% | AG81: 上限 95.0%
Y82: 切片 | Z82: 1.1378135 | AA82: 0.040737404 | AB82: 27.930437 | AC82: 5.4287411e-13 | AD82: 1.0498057 | AE82: 1.2258213 | AF82: 1.0498057 | AG82: 1.2258213
B83: 係数 | C83: 標準誤差 | D83: t | E83: P-値 | F83: 下限 95% | G83: 上限 95% | H83: 下限 95.0% | I83: 上限 95.0% | Y83: X 値 1 | Z83: 0.0053358968 | AA83: 0.00050267388 | AB83: 10.615027 | AC83: 8.9634787e-08 | AD83: 0.0042499359 | AE83: 0.0064218577 | AF83: 0.0042499359 | AG83: 0.0064218577
A84: 切片 | B84: 1.0725315 | C84: 0.088460816 | D84: 12.124368 | E84: 1.8464773e-08 | F84: 0.8814235 | G84: 1.2636395 | H84: 0.8814235 | I84: 1.2636395 | Y84: X 値 2 | Z84: 1.1918127e-05 | AA84: 4.5229852e-06 | AB84: 2.6350135 | AC84: 0.020590266 | AD84: 2.1468116e-06 | AE84: 2.1689443e-05 | AF84: 2.1468116e-06 | AG84: 2.1689443e-05
A85: X 値 1 | B85: 0.0053358968 | C85: 0.00097004145 | D85: 5.5006894 | E85: 0.0001020278 | F85: 0.0032402496 | G85: 0.0074315439 | H85: 0.0032402496 | I85: 0.0074315439 | Y85: X 値 3 | Z85: 1.1682162e-05 | AA85: 1.1033793e-06 | AB85: 10.587621 | AC85: 9.2397099e-08 | AD85: 9.2984556e-06 | AE85: 1.4065868e-05 | AF85: 9.2984556e-06 | AG85: 1.4065868e-05
A86: X 値 2 | B86: 0.0010194623 | C86: 0.00030844054 | D86: 3.3052149 | E86: 0.0056903413 | F86: 0.000353117 | G86: 0.0016858076 | H86: 0.000353117 | I86: 0.0016858076
A87: X 値 3 | B87: 0.028029436 | C87: 0.0061767575 | D87: 4.5378884 | E87: 0.00055732558 | F87: 0.014685363 | G87: 0.041373509 | H87: 0.014685363 | I87: 0.041373509
Y88: ②100N16M～0M LUT数単変数回帰分析 | AF88: ② | AG88: 実測値 | AH88: Y（電力[W]） | AI88: X3（LUT数） | AJ88: 切片
Y89: 概要 | AI89: =Z106 -> 1.1043934e-05 | AJ89: =Z105 -> 1.5204726
AF90: 100N16M | AG90: =電力データ_0610以降_100N!$F$224 -> 1.8938226 | AH90: =AI90*$AI$89+$AJ$89 -> 1.8542865 | AI90: =TEG_Syncronous_Pipeline_回路規模!$C$2 -> 30226
Y91: 回帰統計 | AF91: 100N12M | AG91: =電力データ_0610以降_100N!$F$225 -> 1.8137097 | AH91: =AI91*$AI$89+$AJ$89 -> 1.8125957 | AI91: =TEG_Syncronous_Pipeline_回路規模!$C$3 -> 26451
Y92: 重相関 R | Z92: 0.97883189 | AF92: 100N8M | AG92: =電力データ_0610以降_100N!$F$226 -> 1.7232742 | AH92: =AI92*$AI$89+$AJ$89 -> 1.7654712 | AI92: =TEG_Syncronous_Pipeline_回路規模!$C$4 -> 22184
Y93: 重決定 R2 | Z93: 0.95811187 | AF93: 100N4M | AG93: =電力データ_0610以降_100N!$F$227 -> 1.6362419 | AH93: =AI93*$AI$89+$AJ$89 -> 1.6592506 | AI93: =TEG_Syncronous_Pipeline_回路規模!$C$5 -> 12566
Y94: 補正 R2 | Z94: 0.94973424 | AF94: 100N2M | AG94: =電力データ_0610以降_100N!$F$228 -> 1.5922097 | AH94: =AI94*$AI$89+$AJ$89 -> 1.5915072 | AI94: =TEG_Syncronous_Pipeline_回路規模!$C$6 -> 6432
Y95: 標準誤差 | Z95: 0.030142307 | AF95: 100N1M | AG95: =電力データ_0610以降_100N!$F$229 -> 1.5545 | AH95: =AI95*$AI$89+$AJ$89 -> 1.5564206 | AI95: =TEG_Syncronous_Pipeline_回路規模!$C$7 -> 3255
Y96: 観測数 | Z96: 7 | AF96: 100N0M | AG96: =電力データ_0610以降_100N!$I$65 -> 1.5473065 | AH96: =AI96*$AI$89+$AJ$89 -> 1.5215328 | AI96: =TEG_Syncronous_Pipeline_回路規模!$C$8 -> 96
Y98: 分散分析表
Z99: 自由度 | AA99: 変動 | AB99: 分散 | AC99: 観測された分散比 | AD99: 有意 F
Y100: 回帰 | Z100: 1 | AA100: 0.10390781 | AB100: 0.10390781 | AC100: 114.36555 | AD100: 0.00012379876
Y101: 残差 | Z101: 5 | AA101: 0.0045427933 | AB101: 0.00090855866
Y102: 合計 | Z102: 6 | AA102: 0.1084506
Z104: 係数 | AA104: 標準誤差 | AB104: t | AC104: P-値 | AD104: 下限 95% | AE104: 上限 95% | AF104: 下限 95.0% | AG104: 上限 95.0%
Y105: 切片 | Z105: 1.5204726 | AA105: 0.018781423 | AB105: 80.956195 | AC105: 5.4493373e-09 | AD105: 1.4721934 | AE105: 1.5687518 | AF105: 1.4721934 | AG105: 1.5687518 | AV105: 1
Y106: X 値 1 | Z106: 1.1043934e-05 | AA106: 1.0327048e-06 | AB106: 10.694183 | AC106: 0.00012379876 | AD106: 8.3892816e-06 | AE106: 1.3698586e-05 | AF106: 8.3892816e-06 | AG106: 1.3698586e-05
Y109: ③300Ｎ4Ｍ～１Ｍ | AF109: ③ | AG109: 実測値 | AH109: Y（電力[W]） | AI109: X1（LUT数） | AJ109: X2（周波数[MHz]） | AK109: 切片
Y110: 概要 | AI110: =Z127 -> 1.214493e-05 | AJ110: =Z128 -> 0.0053358968 | AK110: =Z126 -> 1.2473145
AF111: 300N4M | AG111: =電力データ0610以降_300N!$F$177 -> 1.885 | AH111: =AI111*$AI$110+AJ111*$AJ$110+$AK$110 -> 1.9558921 | AI111: =TEG_Syncronous_Pipeline_回路規模!$I$3 -> 30884 | AJ111: 62.5
Y112: 回帰統計 | AF112: 300N3M | AG112: =電力データ0610以降_300N!$F$178 -> 1.8492742 | AH112: =AI112*$AI$110+AJ112*$AJ$110+$AK$110 -> 1.8588784 | AI112: =TEG_Syncronous_Pipeline_回路規模!$I$4 -> 22896 | AJ112: 62.5
...

Sheet 電力データ_Async回路
A1: 非同期テスト回路電力データ
A3: テストパターン
A4: Async | B4: 20MHz | C4: 100N | D4: 12N~1N | E4: 12N | F4: 10N | G4: 8N | H4: 6N | I4: 4N | J4: 2N | K4: 0N | L4: `
B5: 50MHz | C5: 100N | D5: 12N~1N
B6: 20MHz | C6: 50N | D6: 12N~1N
B7: 50MHz | C7: 50N | D7: 12N~1N
A12: Asyncではシミュレーションと実機で、動作速度が異なる可能性がある
A13: Sendが100回立ち下がる回数をシミュレーションと実機で確認する | P13: imp LUT | Q13: impReg | R13: スライス
A14: 10進数表記 | E14: 12N | F14: 10N | G14: 8N | H14: 6N | I14: 4N | J14: 2N | K14: 0N | M14: 20MHｚ | N14: 100N | O14: 12N | P14: 31235 | Q14: 3334 | R14: 8380
A15: Async | B15: 20MHz | C15: 100N | D15: 実機(0x) | E15: 271 | F15: 26d | G15: 270 | H15: 270 | I15: 270 | J15: 270 | K15: 26e | O15: 10N | P15: 28508 | Q15: 3334 | R15: 7956
D16: 10進 | E16: =HEX2DEC(E15) -> 625 | F16: =HEX2DEC(F15) -> 621 | G16: =HEX2DEC(G15) -> 624 | H16: =HEX2DEC(H15) -> 624 | I16: =HEX2DEC(I15) -> 624 | J16: =HEX2DEC(J15) -> 624 | K16: =HEX2DEC(K15) -> 622 | O16: 8N | P16: 25505 | Q16: 3334 | R16: 7770
D17: Time(ns) | E17: =E16*8 -> 5000 | F17: =F16*8 -> 4968 | G17: =G16*8 -> 4992 | H17: =H16*8 -> 4992 | I17: =I16*8 -> 4992 | J17: =J16*8 -> 4992 | K17: =K16*8 -> 4976 | O17: 6N | P17: 21573 | Q17: 3334 | R17: 7365
D18: Simulation10進 | E18: 925 | F18: 924 | G18: 925 | H18: 931 | I18: 931 | J18: 931 | K18: 873 | O18: 4N | P18: 17266 | Q18: 3334 | R18: 6807
D19: Time(ns) | E19: =E18*8 -> 7400 | F19: =F18*8 -> 7392 | G19: =G18*8 -> 7400 | H19: =H18*8 -> 7448 | I19: =I18*8 -> 7448 | J19: =J18*8 -> 7448 | K19: =K18*8 -> 6984 | O19: 2N | P19: 12311 | Q19: 3334 | R19: 6174
D20: Siｍ上Tf | E20: 48.277ns | F20: 48.277ns | G20: 48.277ns | H20: 48.788ns | I20: 48.788ns | J20: 48.788ns | K20: 46.573ns | O20: 0N | P20: 6092 | Q20: 3334 | R20: 4777
C21: （タイミングの関係でCpが3回立ち上がるごとに1回休む） | I21: = | J21: =50*100*8/7 -> 5714.2857 | M21: 40MHz | N21: 100N | O21: 12N | P21: 27183 | Q21: 3334 | R21: 7150
C22: 1202検証 | E22: 12N | F22: 10N | G22: 8N | H22: 6N | I22: 4N | J22: 2N | K22: 0N | O22: 10N | P22: 25985 | Q22: 3334 | R22: 7125
D23: 実機(0x) | E23: 026F | F23: 026E | G23: 026C | H23: 026d | I23: 026d | J23: 26d | K23: 26d | O23: 8N | P23: 22190 | Q23: 3334 | R23: 7044
D24: 10進 | E24: =HEX2DEC(E23) -> 623 | F24: 624 | G24: =HEX2DEC(G23) -> 620 | H24: =HEX2DEC(H23) -> 621 | I24: =HEX2DEC(I23) -> 621 | J24: =HEX2DEC(J23) -> 621 | K24: =HEX2DEC(K23) -> 621 | O24: 6N | P24: 19771 | Q24: 3334 | R24: 6704
D25: Time(ns) | E25: =E24*8 -> 4984 | F25: =F24*8 -> 4992 | G25: =G24*8 -> 4960 | H25: =H24*8 -> 4968 | I25: =I24*8 -> 4968 | J25: =J24*8 -> 4968 | K25: =K24*8 -> 4968 | O25: 4N | P25: 15224 | Q25: 3334 | R25: 5983
D26: Simulation10進 | E26: 624 | F26: 624 | G26: 624 | H26: 621 | I26: 621 | J26: 621 | K26: 624 | O26: 2N | P26: 9003 | Q26: 3334 | R26: 4741
D27: Time(ns) | E27: =E26*8 -> 4992 | F27: =F26*8 -> 4992 | G27: =G26*8 -> 4992 | H27: =H26*8 -> 4968 | I27: =I26*8 -> 4968 | J27: =J26*8 -> 4968 | K27: =K26*8 -> 4992 | O27: 0N | P27: 2632 | Q27: 3334 | R27: 3825
D28: Siｍ上Tf | E28: 45.911 | F28: 45.911 | G28: 45.911 | H28: 45.911 | I28: 45.911 | J28: 45.911 | M28: 20MHｚ | N28: 50N | O28: 12N | P28: 15328 | Q28: 1734 | R28: 4099
D29: POWER | E29: 1.631~1.621 | F29: 1.616~1.605 | G29: 1.616~1.591 | H29: 1.610~1.578 | I29: 1.555~1.558 | J29: 1.555~1.535 | O29: 10N | P29: 14371 | Q29: 1734 | R29: 4030
D30: Time目安 | E30: =50*100 -> 5000 | O30: 8N | P30: 12839 | Q30: 1734 | R30: 3919
O31: 6N | P31: 10859 | Q31: 1734 | R31: 3716
A32: 40MHz | B32: 100N | D32: 12N | E32: 12N | F32: 10N | G32: 8N | H32: 6N | I32: 4N | J32: 2N | K32: 0N | O32: 4N | P32: 8722 | Q32: 1734 | R32: 3447
C33: 実機 | D33: 259 | O33: 2N | P33: 6236 | Q33: 1734 | R33: 3128
C34: 10進 | D34: =HEX2DEC(D33) -> 601 | O34: 0N | P34: 3120 | Q34: 1734 | R34: 2402
C35: Time(ns) | D35: =D34*8 -> 4808 | M35: 40MHz | N35: 50N | O35: 12N | P35: 13603 | Q35: 1734 | R35: 3599
C36: Simulation | D36: 416 | O36: 10N | P36: 13015 | Q36: 1734 | R36: 3589
C37: Time(ns) | D37: =D36*8 -> 3328 | O37: 8N | P37: 11469 | Q37: 1734 | R37: 3552
C38: Siｍ上Tf | D38: 23.8ns | O38: 6N | P38: 9879 | Q38: 1734 | R38: 3385
D39: 実機(0x) | E39: 136 | F39: 138 | G39: 138 | H39: 136 | I39: 137 | J39: 136 | K39: 136 | O39: 4N | P39: 7644 | Q39: 1734 | R39: 3037
D40: 10進 | E40: =HEX2DEC(E39) -> 310 | F40: =HEX2DEC(F39) -> 312 | G40: =HEX2DEC(G39) -> 312 | H40: =HEX2DEC(H39) -> 310 | I40: =HEX2DEC(I39) -> 311 | J40: =HEX2DEC(J39) -> 310 | K40: =HEX2DEC(K39) -> 310 | O40: 2N | P40: 4558 | Q40: 1734 | R40: 2416
D41: Time(ns) | E41: =E40*8 -> 2480 | F41: =F40*8 -> 2496 | G41: =G40*8 -> 2496 | H41: =H40*8 -> 2480 | I41: =I40*8 -> 2488 | J41: =J40*8 -> 2480 | K41: =K40*8 -> 2480 | O41: 0N | P41: 1382 | Q41: 1734 | R41: 1961
D42: Simulation10進 | E42: 311 | F42: 310 | G42: 310 | H42: 312 | I42: 310 | J42: 312 | K42: 311
D43: Time(ns) | E43: =E42*8 -> 2488 | F43: =F42*8 -> 2480 | G43: =G42*8 -> 2480 | H43: =H42*8 -> 2496 | I43: =I42*8 -> 2480 | J43: =J42*8 -> 2496 | K43: =K42*8 -> 2488
A48: Async | B48: 20MHz | C48: 50N | E48: 12N | F48: 10N | G48: 8N | H48: 6N | I48: 4N | J48: 2N | K48: 0N
D49: 実機(0x) | E49: 26F | F49: 026C | G49: 026d | H49: 26C | I49: 26C | J49: 26F | K49: 26E
D50: 10進 | E50: =HEX2DEC(E49) -> 623 | F50: =HEX2DEC(F49) -> 620 | G50: =HEX2DEC(G49) -> 621 | H50: =HEX2DEC(H49) -> 620 | I50: =HEX2DEC(I49) -> 620 | J50: =HEX2DEC(J49) -> 623 | K50: =HEX2DEC(K49) -> 622
D51: Time(ns) | E51: =E50*8 -> 4984 | F51: =F50*8 -> 4960 | G51: =G50*8 -> 4968 | H51: =H50*8 -> 4960 | I51: =I50*8 -> 4960 | J51: =J50*8 -> 4984 | K51: =K50*8 -> 4976
D52: Simulation10進 | E52: 26F | F52: 26F | G52: 26F | H52: 26F | I52: 26F | J52: 26F | K52: 271
D53: 10sin | E53: =HEX2DEC(E52) -> 623 | F53: =HEX2DEC(F52) -> 623 | G53: =HEX2DEC(G52) -> 623 | H53: =HEX2DEC(H52) -> 623 | I53: =HEX2DEC(I52) -> 623 | J53: =HEX2DEC(J52) -> 623 | K53: =HEX2DEC(K52) -> 625
D54: Time(ns) | E54: =E53*8 -> 4984 | F54: =F53*8 -> 4984 | G54: =G53*8 -> 4984 | H54: =H53*8 -> 4984 | I54: =I53*8 -> 4984 | J54: =J53*8 -> 4984 | K54: =K53*8 -> 5000
A59: Async | B59: 40MHz | C59: 50N | E59: 12N | F59: 10N | G59: 8N | H59: 6N | I59: 4N | J59: 2N | K59: 0N
D60: 実機(0x) | E60: 137 | F60: 137 | G60: 136 | H60: 137 | I60: 136 | J60: 137 | K60: 136
D61: 10進 | E61: =HEX2DEC(E60) -> 311 | F61: =HEX2DEC(F60) -> 311 | G61: =HEX2DEC(G60) -> 310 | H61: =HEX2DEC(H60) -> 311 | I61: =HEX2DEC(I60) -> 310 | J61: =HEX2DEC(J60) -> 311 | K61: =HEX2DEC(K60) -> 310
D62: Time(ns) | E62: =E61*8 -> 2488 | F62: =F61*8 -> 2488 | G62: =G61*8 -> 2480 | H62: =H61*8 -> 2488 | I62: =I61*8 -> 2480 | J62: =J61*8 -> 2488 | K62: =K61*8 -> 2480
D63: Simulation10進 | E63: 137 | F63: 136 | G63: 137 | H63: 137 | I63: 137 | J63: 137 | K63: 139
D64: 10sin | E64: =HEX2DEC(E63) -> 311 | F64: =HEX2DEC(F63) -> 310 | G64: =HEX2DEC(G63) -> 311 | H64: =HEX2DEC(H63) -> 311 | I64: =HEX2DEC(I63) -> 311 | J64: =HEX2DEC(J63) -> 311 | K64: =HEX2DEC(K63) -> 313
D65: Time(ns) | E65: =E64*8 -> 2488 | F65: =F64*8 -> 2480 | G65: =G64*8 -> 2488 | H65: =H64*8 -> 2488 | I65: =I64*8 -> 2488 | J65: =J64*8 -> 2488 | K65: =K64*8 -> 2504
A81: 20MHz100N | B81: 12M | C81: 10M | D81: 8M | E81: 6M | F81: 4M | G81: 2M | H81: 0M
A82: 0 | B82: 1.629 | C82: 1.631 | D82: 1.618 | E82: 1.588 | F82: 1.578 | G82: 1.57 | H82: 1.545
A83: 0 | B83: 1.629 | C83: 1.629 | D83: 1.618 | E83: 1.595 | F83: 1.578 | G83: 1.57 | H83: 1.545
A84: 1 | B84: 1.618 | C84: 1.629 | D84: 1.618 | E84: 1.595 | F84: 1.591 | G84: 1.573 | H84: 1.535
A85: 1 | B85: 1.618 | C85: 1.629 | D85: 1.608 | E85: 1.588 | F85: 1.578 | G85: 1.56 | H85: 1.535
A86: 2 | B86: 1.639 | C86: 1.629 | D86: 1.608 | E86: 1.588 | F86: 1.578 | G86: 1.567 | H86: 1.545
A87: 2 | B87: 1.639 | C87: 1.626 | D87: 1.598 | E87: 1.588 | F87: 1.581 | G87: 1.567 | H87: 1.535
A88: 3 | B88: 1.629 | C88: 1.618 | D88: 1.608 | E88: 1.598 | F88: 1.581 | G88: 1.567 | H88: 1.552
A89: 3 | B89: 1.639 | C89: 1.626 | D89: 1.608 | E89: 1.598 | F89: 1.581 | G89: 1.567 | H89: 1.542
A90: 4 | B90: 1.639 | C90: 1.626 | D90: 1.608 | E90: 1.588 | F90: 1.576 | G90: 1.564 | H90: 1.532
A91: 4 | B91: 1.629 | C91: 1.629 | D91: 1.608 | E91: 1.588 | F91: 1.576 | G91: 1.57 | H91: 1.532
A92: 5 | B92: 1.629 | C92: 1.618 | D92: 1.608 | E92: 1.588 | F92: 1.576 | G92: 1.567 | H92: 1.535
A93: 5 | B93: 1.634 | C93: 1.618 | D93: 1.608 | E93: 1.588 | F93: 1.576 | G93: 1.57 | H93: 1.535
... A143: 30 | B143: 1.629 | C143: 1.629 | D143: 1.608 | E143: 1.578 | F143: 1.578 | G143: 1.56 | H143: 1.545
B144: =AVERAGE(B82:B143) -> 1.6302581 | C144: =AVERAGE(C82:C143) -> 1.6255323 | D144: =AVERAGE(D82:D143) -> 1.6082903 | E144: =AVERAGE(E82:E143) -> 1.5871452 | F144: =AVERAGE(F82:F143) -> 1.5812581 | G144: =AVERAGE(G82:G143) -> 1.567 | H144: =AVERAGE(H82:H143) -> 1.5403387
A150: 12/11 データとりなおし
A151: 20MHz100N | B151: 12M | C151: 10M | D151: 8M | E151: 6M | F151: 4M | G151: 2M | H151: 0M | J151: 40MHz100N | K151: 12M | L151: 10M | M151: 8M | N151: 6M | O151: 4M | P151: 2M | Q151: 0M | S151: 20MHz50N | T151: 12M | U151: 10M | V151: 8M | W151: 6M | X151: 4M | Y151: 2M | Z151: 0M | AB151: 40MHz50N | AC151: 12M | AD151: 10M | AE151: 8M | AF151: 6M | AG151: 4M | AH151: 2M | AI151: 0M
A152: 0 | B152: 1.631 | C152: 1.621 | D152: 1.591 | E152: 1.576 | F152: 1.568 | G152: 1.538 | H152: 1.515 | J152: 0 | K152: 1.751 | L152: 1.718 | M152: 1.692 | N152: 1.672 | O152: 1.642 | P152: 1.621 | Q152: 1.558 | S152: 0 | T152: 1.55 | U152: 1.547 | V152: 1.529 | W152: 1.527 | X152: 1.509 | Y152: 1.499 | Z152: 1.499 | AB152: 0 | AC152: 1.616 | AD152: 1.604 | AE152: 1.604 | AF152: 1.581 | AG152: 1.565 | AH152: 1.555 | AI152: 1.504
A153: 0 | B153: 1.631 | C153: 1.621 | D153: 1.604 | E153: 1.583 | F153: 1.565 | G153: 1.538 | H153: 1.578 | J153: 0 | K153: 1.738 | L153: 1.721 | M153: 1.692 | N153: 1.672 | O153: 1.645 | P153: 1.621 | Q153: 1.558 | S153: 0 | T153: 1.55 | U153: 1.54 | V153: 1.54 | W153: 1.537 | X153: 1.509 | Y153: 1.509 | Z153: 1.504 | AB153: 0 | AC153: 1.616 | AD153: 1.604 | AE153: 1.594 | AF153: 1.576 | AG153: 1.565 | AH153: 1.548 | AI153: 1.507
A154: 1 | B154: 1.631 | C154: 1.614 | D154: 1.594 | E154: 1.581 | F154: 1.568 | G154: 1.558 | H154: 1.52 | J154: 1 | K154: 1.748 | L154: 1.721 | M154: 1.698 | N154: 1.672 | O154: 1.645 | P154: 1.621 | Q154: 1.558 | S154: 1 | T154: 1.55 | U154: 1.54 | V154: 1.54 | W154: 1.527 | X154: 1.506 | Y154: 1.519 | Z154: 1.499 | AB154: 1 | AC154: 1.616 | AD154: 1.594 | AE154: 1.581 | AF154: 1.576 | AG154: 1.573 | AH154: 1.548 | AI154: 1.525
A155: 1 | B155: 1.624 | C155: 1.645 | D155: 1.583 | E155: 1.581 | F155: 1.558 | G155: 1.548 | H155: 1.527 | J155: 1 | K155: 1.759 | L155: 1.711 | M155: 1.698 | N155: 1.662 | O155: 1.642 | P155: 1.621 | Q155: 1.558 | S155: 1 | T155: 1.56 | U155: 1.54 | V155: 1.54 | W155: 1.527 | X155: 1.506 | Y155: 1.509 | Z155: 1.486 | AB155: 1 | AC155: 1.626 | AD155: 1.583 | AE155: 1.583 | AF155: 1.576 | AG155: 1.558 | AH155: 1.545 | AI155: 1.525
A156: 2 | B156: 1.631 | C156: 1.611 | D156: 1.583 | E156: 1.583 | F156: 1.568 | G156: 1.558 | H156: 1.527 | J156: 2 | K156: 1.759 | L156: 1.721 | M156: 1.698 | N156: 1.685 | O156: 1.631 | P156: 1.621 | Q156: 1.555 | S156: 2 | T156: 1.55 | U156: 1.55 | V156: 1.54 | W156: 1.517 | X156: 1.517 | Y156: 1.509 | Z156: 1.502 | AB156: 2 | AC156: 1.626 | AD156: 1.586 | AE156: 1.583 | AF156: 1.576 | AG156: 1.558 | AH156: 1.545 | AI156: 1.515
A157: 2 | B157: 1.621 | C157: 1.611 | D157: 1.594 | E157: 1.578 | F157: 1.568 | G157: 1.538 | H157: 1.52 | J157: 2 | K157: 1.759 | L157: 1.728 | M157: 1.701 | N157: 1.672 | O157: 1.645 | P157: 1.621 | Q157: 1.558 | S157: 2 | T157: 1.56 | U157: 1.55 | V157: 1.529 | W157: 1.527 | X157: 1.519 | Y157: 1.509 | Z157: 1.502 | AB157: 2 | AC157: 1.626 | AD157: 1.594 | AE157: 1.591 | AF157: 1.581 | AG157: 1.563 | AH157: 1.555 | AI157: 1.515
A158: 3 | B158: 1.621 | C158: 1.624 | D158: 1.594 | E158: 1.583 | F158: 1.568 | G158: 1.548 | H158: 1.52 | J158: 3 | K158: 1.751 | L158: 1.721 | M158: 1.708 | N158: 1.672 | O158: 1.642 | P158: 1.621 | Q158: 1.555 | S158: 3 | T158: 1.56 | U158: 1.54 | V158: 1.529 | W158: 1.527 | X158: 1.519 | Y158: 1.509 | Z158: 1.489 | AB158: 3 | AC158: 1.613 | AD158: 1.604 | AE158: 1.581 | AF158: 1.583 | AG158: 1.565 | AH158: 1.555 | AI158: 1.515
A159: 3 | B159: 1.634 | C159: 1.624 | D159: 1.583 | E159: 1.583 | F159: 1.561 | G159: 1.548 | H159: 1.52 | J159: 3 | K159: 1.751 | L159: 1.721 | M159: 1.708 | N159: 1.662 | O159: 1.642 | P159: 1.621 | Q159: 1.558 | S159: 3 | T159: 1.55 | U159: 1.54 | V159: 1.54 | W159: 1.517 | X159: 1.519 | Y159: 1.519 | Z159: 1.489 | AB159: 3 | AC159: 1.626 | AD159: 1.594 | AE159: 1.578 | AF159: 1.576 | AG159: 1.563 | AH159: 1.542 | AI159: 1.515
A160: 4 | B160: 1.624 | C160: 1.614 | D160: 1.594 | E160: 1.578 | F160: 1.565 | G160: 1.548 | H160: 1.517 | J160: 4 | K160: 1.751 | L160: 1.721 | M160: 1.701 | N160: 1.672 | O160: 1.642 | P160: 1.642 | Q160: 1.558 | S160: 4 | T160: 1.55 | U160: 1.54 | V160: 1.54 | W160: 1.517 | X160: 1.517 | Y160: 1.519 | Z160: 1.499 | AB160: 4 | AC160: 1.605 | AD160: 1.594 | AE160: 1.591 | AF160: 1.576 | AG160: 1.563 | AH160: 1.555 | AI160: 1.517
A161: 4 | B161: 1.624 | C161: 1.611 | D161: 1.581 | E161: 1.578 | F161: 1.565 | G161: 1.545 | H161: 1.527 | J161: 4 | K161: 1.751 | L161: 1.721 | M161: 1.708 | N161: 1.672 | O161: 1.642 | P161: 1.614 | Q161: 1.548 | S161: 4 | T161: 1.56 | U161: 1.55 | V161: 1.527 | W161: 1.529 | X161: 1.519 | Y161: 1.506 | Z161: 1.499 | AB161: 4 | AC161: 1.626 | AD161: 1.581 | AE161: 1.581 | AF161: 1.576 | AG161: 1.568 | AH161: 1.542 | AI161: 1.517
A162: 5 | B162: 1.634 | C162: 1.611 | D162: 1.596 | E162: 1.576 | F162: 1.568 | G162: 1.54 | H162: 1.52 | J162: 5 | K162: 1.748 | L162: 1.721 | M162: 1.701 | N162: 1.685 | O162: 1.645 | P162: 1.621 | Q162: 1.548 | S162: 5 | T162: 1.55 | U162: 1.54 | V162: 1.54 | W162: 1.527 | X162: 1.517 | Y162: 1.509 | Z162: 1.499 | AB162: 5 | AC162: 1.605 | AD162: 1.583 | AE162: 1.581 | AF162: 1.573 | AG162: 1.558 | AH162: 1.542 | AI162: 1.527
A163: 5 | B163: 1.624 | C163: 1.621 | D163: 1.594 | E163: 1.586 | F163: 1.558 | G163: 1.538 | H163: 1.517 | J163: 5 | K163: 1.748 | L163: 1.718 | M163: 1.701 | N163: 1.672 | O163: 1.645 | P163: 1.621 | Q163: 1.548 | S163: 5 | T163: 1.55 | U163: 1.547 | V163: 1.529 | W163: 1.527 | X163: 1.509 | Y163: 1.519 | Z163: 1.499 | AB163: 5 | AC163: 1.626 | AD163: 1.583 | AE163: 1.583 | AF163: 1.576 | AG163: 1.555 | AH163: 1.545 | AI163: 1.504
... A213: 30 | B213: 1.631 | C213: 1.611 | D213: 1.583 | E213: 1.578 | F213: 1.568 | G213: 1.545 | H213: 1.52 | J213: 30 | K213: 1.748 | L213: 1.721 | M213: 1.698 | N213: 1.675 | O213: 1.642 | P213: 1.621 | Q213: 1.558 | S213: 30 | T213: 1.56 | U213: 1.54 | V213: 1.537 | W213: 1.517 | X213: 1.519 | Y213: 1.506 | Z213: 1.499 | AB213: 30 | AC213: 1.616 | AD213: 1.578 | AE213: 1.591 | AF213: 1.568 | AG213: 1.565 | AH213: 1.545 | AI213: 1.525
B214: =AVERAGE(B152:B213) -> 1.6275806 | C214: =AVERAGE(C152:C213) -> 1.6200806 | D214: =AVERAGE(D152:D213) -> 1.5903226 | E214: =AVERAGE(E152:E213) -> 1.5798871 | F214: =AVERAGE(F152:F213) -> 1.5660323 | G214: =AVERAGE(G152:G213) -> 1.5476613 | H214: =AVERAGE(H152:H213) -> 1.5204839 | K214: =AVERAGE(K152:K213) -> 1.7512742 | L214: =AVERAGE(L152:L213) -> 1.7232258 | M214: =AVERAGE(M152:M213) -> 1.7004355 | N214: =AVERAGE(N152:N213) -> 1.6731935 | O214: =AVERAGE(O152:O213) -> 1.642629 | P214: =AVERAGE(P152:P213) -> 1.6214839 | Q214: =AVERAGE(Q152:Q213) -> 1.5559677 | T214: =AVERAGE(T152:T213) -> 1.5532581 | U214: =AVERAGE(U152:U213) -> 1.5451452 | V214: =AVERAGE(V152:V213) -> 1.5347097 | W214: =AVERAGE(W152:W213) -> 1.5252419 | X214: =AVERAGE(X152:X213) -> 1.5172581 | Y214: =AVERAGE(Y152:Y213) -> 1.5098226 | Z214: =AVERAGE(Z152:Z213) -> 1.4950968 | AC214: =AVERAGE(AC152:AC213) -> 1.6199194 | AD214: =AVERAGE(AD152:AD213) -> 1.5899677 | AE214: =AVERAGE(AE152:AE213) -> 1.5866129 | AF214: =AVERAGE(AF152:AF213) -> 1.5768065 | AG214: =AVERAGE(AG152:AG213) -> 1.5618871 | AH214: =AVERAGE(AH152:AH213) -> 1.5475161 | AI214: =AVERAGE(AI152:AI213) -> 1.5145806

Sheet Async回路回帰分析_グラフ出力
I2: ※LUTのうち45こが周辺回路なのでそれ以外がC素子とする
C3: POWER | D3: MHZ | E3: LUT | F3: Reg | H3: 特殊LUT※ | I3: C素子LUT数 | J3: =E10-45 -> 6047 | K3: これを元のLUTから引いた値
B4: 100N12M | C4: =電力データ_Async回路!B144 -> 1.6302581 | D4: 20 | E4: =電力データ_Async回路!$P$14 -> 31235 | F4: =電力データ_Async回路!$Q$14 -> 3334 | H4: =E4-$J$3 -> 25188
B5: 100N10M | C5: =電力データ_Async回路!C144 -> 1.6255323 | D5: 20 | E5: =電力データ_Async回路!$P$15 -> 28508 | F5: =電力データ_Async回路!$Q$15 -> 3334 | H5: =E5-$J$3 -> 22461
B6: 100N8M | C6: =電力データ_Async回路!D144 -> 1.6082903 | D6: 20 | E6: =電力データ_Async回路!$P$16 -> 25505 | F6: =電力データ_Async回路!$Q$16 -> 3334 | H6: =E6-$J$3 -> 19458
B7: 100N6M | C7: =電力データ_Async回路!E144 -> 1.5871452 | D7: 20 | E7: =電力データ_Async回路!$P$17 -> 21573 | F7: =電力データ_Async回路!$Q$17 -> 3334 | H7: =E7-$J$3 -> 15526
B8: 100N4M | C8: =電力データ_Async回路!F144 -> 1.5812581 | D8: 20 | E8: =電力データ_Async回路!$P$18 -> 17266 | F8: =電力データ_Async回路!$Q$18 -> 3334 | H8: =E8-$J$3 -> 11219
B9: 100N2M | C9: =電力データ_Async回路!G144 -> 1.567 | D9: 20 | E9: =電力データ_Async回路!$P$19 -> 12311 | F9: =電力データ_Async回路!$Q$19 -> 3334 | H9: =E9-$J$3 -> 6264
B10: 100N0M | C10: =電力データ_Async回路!H144 -> 1.5403387 | D10: 20 | E10: =電力データ_Async回路!$P$20 -> 6092 | F10: =電力データ_Async回路!$Q$20 -> 3334 | H10: =E10-$J$3 -> 45
B12: 同期 | C12: 非同期
B18: 概要
B20: 回帰統計
B21: 重相関 R | C21: 0.98136601
B22: 重決定 R2 | C22: 0.96307924
B23: 補正 R2 | C23: 0.95569509
B24: 標準誤差 | C24: 0.0068118049
B25: 観測数 | C25: 7
B27: 分散分析表
C28: 自由度 | D28: 変動 | E28: 分散 | F28: 観測された分散比 | G28: 有意 F
B29: 回帰 | C29: 1 | D29: 0.0060518176 | E29: 0.0060518176 | F29: 130.42517 | G29: 9.0130004e-05
B30: 残差 | C30: 5 | D30: 0.00023200343 | E30: 4.6400686e-05
B31: 合計 | C31: 6 | D31: 0.006283821
C33: 係数 | D33: 標準誤差 | E33: t | F33: P-値 | G33: 下限 95% | H33: 上限 95% | I33: 下限 95.0% | J33: 上限 95.0%
B34: 切片 | C34: 1.5166816 | D34: 0.0070311675 | E34: 215.70835 | F34: 4.0632078e-11 | G34: 1.4986074 | H34: 1.5347558 | I34: 1.4986074 | J34: 1.5347558
B35: X 値 1 | C35: 3.4817414e-06 | D35: 3.0487078e-07 | E35: 11.420384 | F35: 9.0130004e-05 | G35: 2.6980461e-06 | H35: 4.2654367e-06 | I35: 2.6980461e-06 | J35: 4.2654367e-06
C39: =Sync回路回帰分析!Z106/C35 -> 3.1719569
B41: 特殊LUT数を実LUTとしたときの係数
B42: 概要
B44: 回帰統計
B45: 重相関 R | C45: 0.98136601
B46: 重決定 R2 | C46: 0.96307924
B47: 補正 R2 | C47: 0.95569509
B48: 標準誤差 | C48: 0.0068118049
B49: 観測数 | C49: 7
B51: 分散分析表
C52: 自由度 | D52: 変動 | E52: 分散 | F52: 観測された分散比 | G52: 有意 F
B53: 回帰 | C53: 1 | D53: 0.0060518176 | E53: 0.0060518176 | F53: 130.42517 | G53: 9.0130004e-05
B54: 残差 | C54: 5 | D54: 0.00023200343 | E54: 4.6400686e-05
B55: 合計 | C55: 6 | D55: 0.006283821
C57: 係数 | D57: 標準誤差 | E57: t | F57: P-値 | G57: 下限 95% | H57: 上限 95% | I57: 下限 95.0% | J57: 上限 95.0%
B58: 切片 | C58: 1.5393442 | D58: 0.0052352587 | E58: 294.03403 | F58: 8.6349942e-12 | G58: 1.5258866 | H58: 1.5528019 | I58: 1.5258866 | J58: 1.5528019
B59: X 値 1 | C59: 3.4817414e-06 | D59: 3.0487078e-07 | E59: 11.420384 | F59: 9.0130004e-05 | G59: 2.6980461e-06 | H59: 4.2654367e-06 | I59: 2.6980461e-06 | J59: 4.2654367e-06
C68: POWER | D68: MHZ | E68: LUT | F68: Reg | G68: f*(LUT+Reg)
A69: 20MHz100N | B69: 100N12M | C69: =電力データ_Async回路!$B$214 -> 1.6275806 | D69: 20 | E69: =電力データ_Async回路!$P$14 -> 31235 | F69: =電力データ_Async回路!$Q$14 -> 3334 | G69: =D69*(E69+F69) -> 691380 | H69: =F69+E69 -> 34569 | I69: =電力データ_Async回路!$B$214 -> 1.6275806
A70: f:20MHz, Nreg:3334 | B70: 100N10M | C70: =電力データ_Async回路!$C$214 -> 1.6200806 | D70: 20 | E70: =電力データ_Async回路!$P$15 -> 28508 | F70: =電力データ_Async回路!$Q$15 -> 3334 | G70: =D70*(E70+F70) -> 636840 | H70: =F70+E70 -> 31842 | I70: =電力データ_Async回路!$C$214 -> 1.6200806
B71: 100N8M | C71: =電力データ_Async回路!$D$214 -> 1.5903226 | D71: 20 | E71: =電力データ_Async回路!$P$16 -> 25505 | F71: =電力データ_Async回路!$Q$16 -> 3334 | G71: =D71*(E71+F71) -> 576780 | H71: =F71+E71 -> 28839 | I71: =電力データ_Async回路!$D$214 -> 1.5903226
B72: 100N6M | C72: =電力データ_Async回路!$E$214 -> 1.5798871 | D72: 20 | E72: =電力データ_Async回路!$P$17 -> 21573 | F72: =電力データ_Async回路!$Q$17 -> 3334 | G72: =D72*(E72+F72) -> 498140 | H72: =F72+E72 -> 24907 | I72: =電力データ_Async回路!$E$214 -> 1.5798871
B73: 100N4M | C73: =電力データ_Async回路!$F$214 -> 1.5660323 | D73: 20 | E73: =電力データ_Async回路!$P$18 -> 17266 | F73: =電力データ_Async回路!$Q$18 -> 3334 | G73: =D73*(E73+F73) -> 412000 | H73: =F73+E73 -> 20600 | I73: =電力データ_Async回路!$F$214 -> 1.5660323
B74: 100N2M | C74: =電力データ_Async回路!$G$214 -> 1.5476613 | D74: 20 | E74: =電力データ_Async回路!$P$19 -> 12311 | F74: =電力データ_Async回路!$Q$19 -> 3334 | G74: =D74*(E74+F74) -> 312900 | H74: =F74+E74 -> 15645 | I74: =電力データ_Async回路!$G$214 -> 1.5476613
B75: 100N0M | C75: =電力データ_Async回路!$H$214 -> 1.5204839 | D75: 20 | E75: =電力データ_Async回路!$P$20 -> 6092 | F75: =電力データ_Async回路!$Q$20 -> 3334 | G75: =D75*(E75+F75) -> 188520 | H75: =F75+E75 -> 9426 | I75: =電力データ_Async回路!$H$214 -> 1.5204839
A76: 40MHz100N | B76: 100N12M | C76: =電力データ_Async回路!$K$214 -> 1.7512742 | D76: 40 | E76: =電力データ_Async回路!P21 -> 27183 | F76: =電力データ_Async回路!Q21 -> 3334 | G76: =D76*(E76+F76) -> 1220680 | H76: =F76+E76 -> 30517 | I76: =電力データ_Async回路!$K$214 -> 1.7512742
A77: f:20MHz, NReg:3334 | B77: 100N10M | C77: =電力データ_Async回路!$L$214 -> 1.7232258 | D77: 40 | E77: =電力データ_Async回路!P22 -> 25985 | F77: =電力データ_Async回路!Q22 -> 3334 | G77: =D77*(E77+F77) -> 1172760 | H77: =F77+E77 -> 29319 | I77: =電力データ_Async回路!$L$214 -> 1.7232258
B78: 100N8M | C78: =電力データ_Async回路!$M$214 -> 1.7004355 | D78: 40 | E78: =電力データ_Async回路!P23 -> 22190 | F78: =電力データ_Async回路!Q23 -> 3334 | G78: =D78*(E78+F78) -> 1020960 | H78: =F78+E78 -> 25524 | I78: =電力データ_Async回路!$M$214 -> 1.7004355
B79: 100N6M | C79: =電力データ_Async回路!$N$214 -> 1.6731935 | D79: 40 | E79: =電力データ_Async回路!P24 -> 19771 | F79: =電力データ_Async回路!Q24 -> 3334 | G79: =D79*(E79+F79) -> 924200 | H79: =F79+E79 -> 23105 | I79: =電力データ_Async回路!$N$214 -> 1.6731935
B80: 100N4M | C80: =電力データ_Async回路!$O$214 -> 1.642629 | D80: 40 | E80: =電力データ_Async回路!P25 -> 15224 | F80: =電力データ_Async回路!Q25 -> 3334 | G80: =D80*(E80+F80) -> 742320 | H80: =F80+E80 -> 18558 | I80: =電力データ_Async回路!$O$214 -> 1.642629
B81: 100N2M | C81: =電力データ_Async回路!$P$214 -> 1.6214839 | D81: 40 | E81: =電力データ_Async回路!P26 -> 9003 | F81: =電力データ_Async回路!Q26 -> 3334 | G81: =D81*(E81+F81) -> 493480 | H81: =F81+E81 -> 12337 | I81: =電力データ_Async回路!$P$214 -> 1.6214839
B82: 100N0M | C82: =電力データ_Async回路!$Q$214 -> 1.5559677 | D82: 40 | E82: =電力データ_Async回路!P27 -> 2632 | F82: =電力データ_Async回路!Q27 -> 3334 | G82: =D82*(E82+F82) -> 238640 | H82: =F82+E82 -> 5966 | I82: =電力データ_Async回路!$Q$214 -> 1.5559677
A83: 20MHz50N | B83: 50N12M | C83: =電力データ_Async回路!$T$214 -> 1.5532581 | D83: 20 | E83: =電力データ_Async回路!P28 -> 15328 | F83: =電力データ_Async回路!Q28 -> 1734 | G83: =D83*(E83+F83) -> 341240 | H83: =F83+E83 -> 17062 | I83: =電力データ_Async回路!$T$214 -> 1.5532581
A84: f:20MHz, NReg:1734 | B84: 50N10M | C84: =電力データ_Async回路!$U$214 -> 1.5451452 | D84: 20 | E84: =電力データ_Async回路!P29 -> 14371 | F84: =電力データ_Async回路!Q29 -> 1734 | G84: =D84*(E84+F84) -> 322100 | H84: =F84+E84 -> 16105 | I84: =電力データ_Async回路!$U$214 -> 1.5451452
B85: 50N8M | C85: =電力データ_Async回路!$V$214 -> 1.5347097 | D85: 20 | E85: =電力データ_Async回路!P30 -> 12839 | F85: =電力データ_Async回路!Q30 -> 1734 | G85: =D85*(E85+F85) -> 291460 | H85: =F85+E85 -> 14573 | I85: =電力データ_Async回路!$V$214 -> 1.5347097
B86: 50N6M | C86: =電力データ_Async回路!$W$214 -> 1.5252419 | D86: 20 | E86: =電力データ_Async回路!P31 -> 10859 | F86: =電力データ_Async回路!Q31 -> 1734 | G86: =D86*(E86+F86) -> 251860 | H86: =F86+E86 -> 12593 | I86: =電力データ_Async回路!$W$214 -> 1.5252419
B87: 50N4M | C87: =電力データ_Async回路!$X$214 -> 1.5172581 | D87: 20 | E87: =電力データ_Async回路!P32 -> 8722 | F87: =電力データ_Async回路!Q32 -> 1734 | G87: =D87*(E87+F87) -> 209120 | H87: =F87+E87 -> 10456 | I87: =電力データ_Async回路!$X$214 -> 1.5172581
B88: 50N2M | C88: =電力データ_Async回路!$Y$214 -> 1.5098226 | D88: 20 | E88: =電力データ_Async回路!P33 -> 6236 | F88: =電力データ_Async回路!Q33 -> 1734 | G88: =D88*(E88+F88) -> 159400 | H88: =F88+E88 -> 7970 | I88: =電力データ_Async回路!$Y$214 -> 1.5098226
B89: 50N0M | C89: =電力データ_Async回路!$Z$214 -> 1.4950968 | D89: 20 | E89: =電力データ_Async回路!P34 -> 3120 | F89: =電力データ_Async回路!Q34 -> 1734 | G89: =D89*(E89+F89) -> 97080 | H89: =F89+E89 -> 4854 | I89: =電力データ_Async回路!$Z$214 -> 1.4950968
A90: 40MHz50N | B90: 50N12M | C90: =電力データ_Async回路!$AC$214 -> 1.6199194 | D90: 40 | E90: =電力データ_Async回路!P35 -> 13603 | F90: =電力データ_Async回路!Q35 -> 1734 | G90: =D90*(E90+F90) -> 613480 | H90: =F90+E90 -> 15337 | I90: =電力データ_Async回路!$AC$214 -> 1.6199194 | K90: 概要
A91: f:40MHz, NReg:1734 | B91: 50N10M | C91: =電力データ_Async回路!$AD$214 -> 1.5899677 | D91: 40 | E91: =電力データ_Async回路!P36 -> 13015 | F91: =電力データ_Async回路!Q36 -> 1734 | G91: =D91*(E91+F91) -> 589960 | H91: =F91+E91 -> 14749 | I91: =電力データ_Async回路!$AD$214 -> 1.5899677
B92: 50N8M | C92: =電力データ_Async回路!$AE$214 -> 1.5866129 | D92: 40 | E92: =電力データ_Async回路!P37 -> 11469 | F92: =電力データ_Async回路!Q37 -> 1734 | G92: =D92*(E92+F92) -> 528120 | H92: =F92+E92 -> 13203 | I92: =電力データ_Async回路!$AE$214 -> 1.5866129 | K92: 回帰統計
B93: 50N6M | C93: =電力データ_Async回路!$AF$214 -> 1.5768065 | D93: 40 | E93: =電力データ_Async回路!P38 -> 9879 | F93: =電力データ_Async回路!Q38 -> 1734 | G93: =D93*(E93+F93) -> 464520 | H93: =F93+E93 -> 11613 | I93: =電力データ_Async回路!$AF$214 -> 1.5768065 | K93: 重相関 R | L93: 0.96239568
B94: 50N4M | C94: =電力データ_Async回路!$AG$214 -> 1.5618871 | D94: 40 | E94: =電力データ_Async回路!P39 -> 7644 | F94: =電力データ_Async回路!Q39 -> 1734 | G94: =D94*(E94+F94) -> 375120 | H94: =F94+E94 -> 9378 | I94: =電力データ_Async回路!$AG$214 -> 1.5618871 | K94: 重決定 R2 | L94: 0.92620545
B95: 50N2M | C95: =電力データ_Async回路!$AH$214 -> 1.5475161 | D95: 40 | E95: =電力データ_Async回路!P40 -> 4558 | F95: =電力データ_Async回路!Q40 -> 1734 | G95: =D95*(E95+F95) -> 251680 | H95: =F95+E95 -> 6292 | I95: =電力データ_Async回路!$AH$214 -> 1.5475161 | K95: 補正 R2 | L95: 0.91698113
B96: 50N0M | C96: =電力データ_Async回路!$AI$214 -> 1.5145806 | D96: 40 | E96: =電力データ_Async回路!P41 -> 1382 | F96: =電力データ_Async回路!Q41 -> 1734 | G96: =D96*(E96+F96) -> 124640 | H96: =F96+E96 -> 3116 | I96: =電力データ_Async回路!$AI$214 -> 1.5145806 | K96: 標準誤差 | L96: 0.019014478
K97: 観測数 | L97: 28
K99: 分散分析表
L100: 自由度 | M100: 変動 | N100: 分散 | O100: 観測された分散比 | P100: 有意 F
K101: 回帰 | L101: 3 | M101: 0.10890883 | N101: 0.036302945 | O101: 100.40909 | P101: 1.0144295e-13
K102: 残差 | L102: 24 | M102: 0.0086772087 | N102: 0.00036155036
K103: 合計 | L103: 27 | M103: 0.11758604
L105: 係数 | M105: 標準誤差 | N105: t | O105: P-値 | P105: 下限 95% | Q105: 上限 95% | R105: 下限 95.0% | S105: 上限 95.0%
A106: 2変数 | C106: POWER | D106: f[MHZ] | E106: f[] | F106: P/f | G106: LUT | H106: Reg | K106: 切片 | L106: 1.3531911 | M106: 0.016144511 | N106: 83.817407 | O106: 3.9150355e-31 | P106: 1.3198704 | Q106: 1.3865117 | R106: 1.3198704 | S106: 1.3865117
A107: 20MHz100N | B107: 100N12M | C107: =電力データ_Async回路!$B$214 -> 1.6275806 | D107: 20 | E107: =D107*10^6 -> 20000000 | F107: =(C107-1.49)/E107 -> 6.8790323e-09 | G107: =E69 -> 31235 | H107: =F69 -> 3334 | K107: X 値 1 | L107: 0.0039442682 | M107: 0.00036414372 | N107: 10.831625 | O107: 1.0099715e-10 | P107: 0.0031927125 | Q107: 0.0046958239 | R107: 0.0031927125 | S107: 0.0046958239
B108: 100N10M | C108: =電力データ_Async回路!$C$214 -> 1.6200806 | D108: 20 | E108: =D108*10^6 -> 20000000 | F108: =(C108-1.49)/E108 -> 6.5040323e-09 | G108: =E70 -> 28508 | H108: =F70 -> 3334 | K108: X 値 2 | L108: 5.6356442e-06 | M108: 5.4251127e-07 | N108: 10.388068 | O108: 2.3248717e-10 | P108: 4.5159559e-06 | Q108: 6.7553324e-06 | R108: 4.5159559e-06 | S108: 6.7553324e-06
B109: 100N8M | C109: =電力データ_Async回路!$D$214 -> 1.5903226 | D109: 20 | E109: =D109*10^6 -> 20000000 | F109: =(C109-1.49)/E109 -> 5.016129e-09 | G109: =E71 -> 25505 | H109: =F71 -> 3334 | K109: X 値 3 | L109: 1.3464873e-05 | M109: 5.5056068e-06 | N109: 2.4456656 | O109: 0.022169324 | P109: 2.101859e-06 | Q109: 2.4827887e-05 | R109: 2.101859e-06 | S109: 2.4827887e-05
B110: 100N6M | C110: =電力データ_Async回路!$E$214 -> 1.5798871 | D110: 20 | E110: =D110*10^6 -> 20000000 | F110: =(C110-1.49)/E110 -> 4.4943548e-09 | G110: =E72 -> 21573 | H110: =F72 -> 3334
B111: 100N4M | C111: =電力データ_Async回路!$F$214 -> 1.5660323 | D111: 20 | E111: =D111*10^6 -> 20000000 | F111: =(C111-1.49)/E111 -> 3.8016129e-09 | G111: =E73 -> 17266 | H111: =F73 -> 3334 | X111: 周波数 | Y111: LUT | Z111: Reg | AA111: f*(LUT+Reg)
B112: 100N2M | C112: =電力データ_Async回路!$G$214 -> 1.5476613 | D112: 20 | E112: =D112*10^6 -> 20000000 | F112: =(C112-1.49)/E112 -> 2.8830645e-09 | G112: =E74 -> 12311 | H112: =F74 -> 3334 | X112: 40 | Y112: 36 | Z112: 24 | AA112: =X112*(Y112+Z112)*$L$132 -> 0.00051174864 | AB112: =X112*L107+Y112*L108+Z112*L109 -> 0.15829677
B113: 100N0M | C113: =電力データ_Async回路!$H$214 -> 1.5204839 | D113: 20 | E113: =D113*10^6 -> 20000000 | F113: =(C113-1.49)/E113 -> 1.5241935e-09 | G113: =E75 -> 6092 | H113: =F75 -> 3334 | X113: 40 | Y113: 18 | Z113: 12 | AA113: =X113*(Y113+Z113)*$L$132 -> 0.00025587432
A114: 40MHz100N | B114: 100N12M | C114: =電力データ_Async回路!$K$214 -> 1.7512742 | D114: 40 | E114: =D114*10^6 -> 40000000 | F114: =(C114-1.49)/E114 -> 6.5318548e-09 | G114: =E76 -> 27183 | H114: =F76 -> 3334
B115: 100N10M | C115: =電力データ_Async回路!$L$214 -> 1.7232258 | D115: 40 | E115: =D115*10^6 -> 40000000 | F115: =(C115-1.49)/E115 -> 5.8306452e-09 | G115: =E77 -> 25985 | H115: =F77 -> 3334 | K115: 概要
B116: 100N8M | C116: =電力データ_Async回路!$M$214 -> 1.7004355 | D116: 40 | E116: =D116*10^6 -> 40000000 | F116: =(C116-1.49)/E116 -> 5.2608871e-09 | G116: =E78 -> 22190 | H116: =F78 -> 3334
B117: 100N6M | C117: =電力データ_Async回路!$N$214 -> 1.6731935 | D117: 40 | E117: =D117*10^6 -> 40000000 | F117: =(C117-1.49)/E117 -> 4.5798387e-09 | G117: =E79 -> 19771 | H117: =F79 -> 3334 | K117: 回帰統計
B118: 100N4M | C118: =電力データ_Async回路!$O$214 -> 1.642629 | D118: 40 | E118: =D118*10^6 -> 40000000 | F118: =(C118-1.49)/E118 -> 3.8157258e-09 | G118: =E80 -> 15224 | H118: =F80 -> 3334 | K118: 重相関 R | L118: 0.9861807
B119: 100N2M | C119: =電力データ_Async回路!$P$214 -> 1.6214839 | D119: 40 | E119: =D119*10^6 -> 40000000 | F119: =(C119-1.49)/E119 -> 3.2870968e-09 | G119: =E81 -> 9003 | H119: =F81 -> 3334 | K119: 重決定 R2 | L119: 0.97255236
B120: 100N0M | C120: =電力データ_Async回路!$Q$214 -> 1.5559677 | D120: 40 | E120: =D120*10^6 -> 40000000 | F120: =(C120-1.49)/E120 -> 1.6491935e-09 | G120: =E82 -> 2632 | H120: =F82 -> 3334 | K120: 補正 R2 | L120: 0.97149669
A121: 20MHz50N | B121: 50N12M | C121: =電力データ_Async回路!$T$214 -> 1.5532581 | D121: 20 | E121: =D121*10^6 -> 20000000 | F121: =(C121-1.49)/E121 -> 3.1629032e-09 | G121: =E83 -> 15328 | H121: =F83 -> 1734 | K121: 標準誤差 | L121: 0.011141501
B122: 50N10M | C122: =電力データ_Async回路!$U$214 -> 1.5451452 | D122: 20 | E122: =D122*10^6 -> 20000000 | F122: =(C122-1.49)/E122 -> 2.7572581e-09 | G122: =E84 -> 14371 | H122: =F84 -> 1734 | K122: 観測数 | L122: 28
B123: 50N8M | C123: =電力データ_Async回路!$V$214 -> 1.5347097 | D123: 20 | E123: =D123*10^6 -> 20000000 | F123: =(C123-1.49)/E123 -> 2.2354839e-09 | G123: =E85 -> 12839 | H123: =F85 -> 1734
B124: 50N6M | C124: =電力データ_Async回路!$W$214 -> 1.5252419 | D124: 20 | E124: =D124*10^6 -> 20000000 | F124: =(C124-1.49)/E124 -> 1.7620968e-09 | G124: =E86 -> 10859 | H124: =F86 -> 1734 | K124: 分散分析表
B125: 50N4M | C125: =電力データ_Async回路!$X$214 -> 1.5172581 | D125: 20 | E125: =D125*10^6 -> 20000000 | F125: =(C125-1.49)/E125 -> 1.3629032e-09 | G125: =E87 -> 8722 | H125: =F87 -> 1734 | L125: 自由度 | M125: 変動 | N125: 分散 | O125: 観測された分散比 | P125: 有意 F
B126: 50N2M | C126: =電力データ_Async回路!$Y$214 -> 1.5098226 | D126: 20 | E126: =D126*10^6 -> 20000000 | F126: =(C126-1.49)/E126 -> 9.9112903e-10 | G126: =E88 -> 6236 | H126: =F88 -> 1734 | K126: 回帰 | L126: 1 | M126: 0.11435858 | N126: 0.11435858 | O126: 921.25824 | P126: 7.8786119e-22
B127: 50N0M | C127: =電力データ_Async回路!$Z$214 -> 1.4950968 | D127: 20 | E127: =D127*10^6 -> 20000000 | F127: =(C127-1.49)/E127 -> 2.5483871e-10 | G127: =E89 -> 3120 | H127: =F89 -> 1734 | K127: 残差 | L127: 26 | M127: 0.003227459 | N127: 0.00012413304
...

Sheet DDP_Datasheet_16bit
A1: Data=16bit | P1: 動作周波数の導出
A2: Module name | E2: LUT | F2: SliceRegi | G2: Slice | H2: LUTasLogic | I2: BRAM | J2: DSPs | K2: BondedIOB | L2: BUFGCTRL | M2: PLLE2_ADV | P2: パケット送信周期 | R2: 5050 | S2: [ns]
A3: TOP | E3: 8077 | F3: 7008 | G3: 3397 | H3: 8077 | I3: 10.5 | J3: 4 | K3: 17 | L3: 2 | M3: 1 | P3: M~MM | Q3: ステージ通過パケット数 | R3: 74 | S3: [Packet]
B4: ddp0 | E4: 1987 | F4: 1722 | G4: 825 | H4: 1987 | I4: 2.5 | J4: 1 | K4: 0 | L4: 0 | M4: 0 | Q4: 動作周期 | R4: =R2/R3 -> 68.243243 | S4: [ns]
C5: M | E5: 28 | F5: 76 | G5: 25 | H5: 28 | I5: 0 | J5: 0 | K5: 0 | L5: 0 | M5: 0 | Q5: 動作周波数 | R5: 14.653 | S5: [MHz]
C6: MMCAM | E6: 745 | F6: 1326 | G6: 440 | H6: 745 | I6: 0 | J6: 0 | K6: 0 | L6: 0 | M6: 0 | P6: PS～MA | Q6: ステージ通過パケット数 | R6: 62 | S6: [Packet]
C7: MMRAM | E7: 95 | F7: 38 | G7: 35 | H7: 95 | I7: 1 | J7: 0 | K7: 0 | L7: 0 | M7: 0 | Q7: 動作周期 | R7: =R2/R6 -> 81.451613 | S7: [ns]
C8: PS | E8: 1 | F8: 52 | G8: 13 | H8: 1 | I8: 0.5 | J8: 0 | K8: 0 | L8: 0 | M8: 0 | Q8: 動作周波数 | R8: 12.27722 | S8: [MHz]
C9: FP | E9: 658 | F9: 62 | G9: 187 | H9: 658 | I9: 0 | J9: 1 | K9: 0 | L9: 0 | M9: 0 | P9: COPY～B | Q9: ステージ通過パケット数 | R9: 74 | S9: [Packet]
C10: MA | E10: 61 | F10: 41 | G10: 39 | H10: 61 | I10: 0.5 | J10: 0 | K10: 0 | L10: 0 | M10: 0 | Q10: 動作周期 | R10: =R2/R3 -> 68.243243 | S10: [ns]
C11: COPY | E11: 15 | F11: 40 | G11: 9 | H11: 15 | I11: 0 | J11: 0 | K11: 0 | L11: 0 | M11: 0 | Q11: 動作周波数 | R11: 14.653 | S11: [MHz]
C12: B | E12: 0 | F12: 38 | G12: 10 | H12: 0 | I12: 0.5 | J12: 0 | K12: 0 | L12: 0 | M12: 0
C13: C_output
C14: CC | E14: 382 | F14: 11 | G14: 109 | H14: 382 | I14: 0 | J14: 0 | K14: 0 | L14: 0 | M14: 0
D15: m | E15: 92 | F15: 0 | G15: 30 | H15: 92 | I15: 0 | J15: 0 | K15: 0 | L15: 0 | M15: 0
D16: mmcam | E16: 35 | F16: 0 | G16: 13 | H16: 35 | I16: 0 | J16: 0 | K16: 0 | L16: 0 | M16: 0
D17: mmram | E17: 35 | F17: 1 | G17: 13 | H17: 35 | I17: 0 | J17: 0 | K17: 0 | L17: 0 | M17: 0
D18: ps | E18: 35 | F18: 0 | G18: 12 | H18: 35 | I18: 0 | J18: 0 | K18: 0 | L18: 0 | M18: 0
D19: fp | E19: 28 | F19: 1 | G19: 9 | H19: 28 | I19: 0 | J19: 0 | K19: 0 | L19: 0 | M19: 0
D20: ma | E20: 44 | F20: 0 | G20: 17 | H20: 44 | I20: 0 | J20: 0 | K20: 0 | L20: 0 | M20: 0
D21: copy | E21: 60 | F21: 8 | G21: 22 | H21: 60 | I21: 0 | J21: 0 | K21: 0 | L21: 0 | M21: 0
D22: b | E22: 34 | F22: 1 | G22: 16 | H22: 34 | I22: 0 | J22: 0 | K22: 0 | L22: 0 | M22: 0
B26: ddp1 | E26: 1980 | F26: 1722 | G26: 825 | H26: 1987 | I26: 2.5 | J26: 1 | K26: 0 | L26: 0 | M26: 0
C27: M | E27: 28 | F27: 76 | G27: 19 | H27: 28 | I27: 0 | J27: 0 | K27: 0 | L27: 0 | M27: 0
C28: MMCAM | E28: 745 | F28: 1326 | G28: 435 | H28: 745 | I28: 0 | J28: 0 | K28: 0 | L28: 0 | M28: 0
C29: MMRAM | E29: 87 | F29: 38 | G29: 30 | H29: 87 | I29: 1 | J29: 0 | K29: 0 | L29: 0 | M29: 0
C30: PS | E30: 1 | F30: 52 | G30: 15 | H30: 1 | I30: 0.5 | J30: 0 | K30: 0 | L30: 0 | M30: 0
C31: FP | E31: 659 | F31: 62 | G31: 190 | H31: 659 | I31: 0 | J31: 1 | K31: 0 | L31: 0 | M31: 0
C32: MA | E32: 72 | F32: 41 | G32: 49 | H32: 72 | I32: 0.5 | J32: 0 | K32: 0 | L32: 0 | M32: 0
C33: COPY | E33: 16 | F33: 40 | G33: 10 | H33: 16 | I33: 0 | J33: 0 | K33: 0 | L33: 0 | M33: 0
C34: B | E34: 0 | F34: 38 | G34: 7 | H34: 0 | I34: 0.5 | J34: 0 | K34: 0 | L34: 0 | M34: 0
C35: C_output
C36: CC | E36: 371 | F36: 11 | G36: 107 | H36: 371 | I36: 0 | J36: 0 | K36: 0 | L36: 0 | M36: 0
D37: m | E37: 73 | F37: 0 | G37: 20 | H37: 73 | I37: 0 | J37: 0 | K37: 0 | L37: 0 | M37: 0
D38: mmcam | E38: 43 | F38: 0 | G38: 15 | H38: 43 | I38: 0 | J38: 0 | K38: 0 | L38: 0 | M38: 0
D39: mmram | E39: 34 | F39: 1 | G39: 13 | H39: 34 | I39: 0 | J39: 0 | K39: 0 | L39: 0 | M39: 0
D40: ps | E40: 34 | F40: 0 | G40: 13 | H40: 34 | I40: 0 | J40: 0 | K40: 0 | L40: 0 | M40: 0
D41: fp | E41: 31 | F41: 1 | G41: 10 | H41: 31 | I41: 0 | J41: 0 | K41: 0 | L41: 0 | M41: 0
D42: ma | E42: 41 | F42: 0 | G42: 15 | H42: 41 | I42: 0 | J42: 0 | K42: 0 | L42: 0 | M42: 0
D43: copy | E43: 69 | F43: 8 | G43: 22 | H43: 69 | I43: 0 | J43: 0 | K43: 0 | L43: 0 | M43: 0
D44: b | E44: 33 | F44: 1 | G44: 11 | H44: 33 | I44: 0 | J44: 0 | K44: 0 | L44: 0 | M44: 0
B48: ddp2 | E48: 1995 | F48: 1722 | G48: 844 | H48: 1995 | I48: 2.5 | J48: 1 | K48: 0 | L48: 0 | M48: 0
C49: M | E49: 28 | F49: 76 | G49: 26 | H49: 28 | I49: 0 | J49: 0 | K49: 0 | L49: 0 | M49: 0
C50: MMCAM | E50: 745 | F50: 1326 | G50: 439 | H50: 745 | I50: 0 | J50: 0 | K50: 0 | L50: 0 | M50: 0
C51: MMRAM | E51: 93 | F51: 38 | G51: 37 | H51: 93 | I51: 1 | J51: 0 | K51: 0 | L51: 0 | M51: 0
C52: PS | E52: 1 | F52: 52 | G52: 17 | H52: 1 | I52: 0.5 | J52: 0 | K52: 0 | L52: 0 | M52: 0
C53: FP | E53: 661 | F53: 62 | G53: 196 | H53: 661 | I53: 0 | J53: 1 | K53: 0 | L53: 0 | M53: 0
C54: MA | E54: 70 | F54: 41 | G54: 42 | H54: 70 | I54: 0.5 | J54: 0 | K54: 0 | L54: 0 | M54: 0
C55: COPY | E55: 15 | F55: 40 | G55: 10 | H55: 15 | I55: 0 | J55: 0 | K55: 0 | L55: 0 | M55: 0
C56: B | E56: 0 | F56: 38 | G56: 8 | H56: 0 | I56: 0.5 | J56: 0 | K56: 0 | L56: 0 | M56: 0
C57: C_output
C58: CC | E58: 380 | F58: 11 | G58: 113 | H58: 380 | I58: 0 | J58: 0 | K58: 0 | L58: 0 | M58: 0
D59: m | E59: 82 | F59: 0 | G59: 25 | H59: 82 | I59: 0 | J59: 0 | K59: 0 | L59: 0 | M59: 0
D60: mmcam | E60: 39 | F60: 0 | G60: 12 | H60: 39 | I60: 0 | J60: 0 | K60: 0 | L60: 0 | M60: 0
D61: mmram | E61: 29 | F61: 1 | G61: 10 | H61: 29 | I61: 0 | J61: 0 | K61: 0 | L61: 0 | M61: 0
D62: ps | E62: 33 | F62: 0 | G62: 13 | H62: 33 | I62: 0 | J62: 0 | K62: 0 | L62: 0 | M62: 0
D63: fp | E63: 31 | F63: 1 | G63: 13 | H63: 31 | I63: 0 | J63: 0 | K63: 0 | L63: 0 | M63: 0
D64: ma | E64: 41 | F64: 0 | G64: 15 | H64: 41 | I64: 0 | J64: 0 | K64: 0 | L64: 0 | M64: 0
D65: copy | E65: 71 | F65: 8 | G65: 22 | H65: 71 | I65: 0 | J65: 0 | K65: 0 | L65: 0 | M65: 0
D66: b | E66: 29 | F66: 1 | G66: 12 | H66: 29 | I66: 0 | J66: 0 | K66: 0 | L66: 0 | M66: 0
B70: ddp3 | E70: 2008 | F70: 1722 | G70: 853 | H70: 2008 | I70: 2.5 | J70: 1 | K70: 0 | L70: 0 | M70: 0
C71: M | E71: 28 | F71: 76 | G71: 26 | H71: 28 | I71: 0 | J71: 0 | K71: 0 | L71: 0 | M71: 0
C72: MMCAM | E72: 745 | F72: 1326 | G72: 451 | H72: 745 | I72: 0 | J72: 0 | K72: 0 | L72: 0 | M72: 0
C73: MMRAM | E73: 95 | F73: 38 | G73: 32 | H73: 95 | I73: 1 | J73: 0 | K73: 0 | L73: 0 | M73: 0
C74: PS | E74: 1 | F74: 52 | G74: 17 | H74: 1 | I74: 0.5 | J74: 0 | K74: 0 | L74: 0 | M74: 0
C75: FP | E75: 655 | F75: 62 | G75: 185 | H75: 655 | I75: 0 | J75: 1 | K75: 0 | L75: 0 | M75: 0
C76: MA | E76: 67 | F76: 41 | G76: 47 | H76: 67 | I76: 0.5 | J76: 0 | K76: 0 | L76: 0 | M76: 0
C77: COPY | E77: 15 | F77: 40 | G77: 10 | H77: 15 | I77: 0 | J77: 0 | K77: 0 | L77: 0 | M77: 0
C78: B | E78: 0 | F78: 38 | G78: 9 | H78: 0 | I78: 0.5 | J78: 0 | K78: 0 | L78: 0 | M78: 0
C79: C_output
C80: CC | E80: 402 | F80: 11 | G80: 120 | H80: 402 | I80: 0 | J80: 0 | K80: 0 | L80: 0 | M80: 0
D81: m | E81: 88 | F81: 0 | G81: 26 | H81: 88 | I81: 0 | J81: 0 | K81: 0 | L81: 0 | M81: 0
D82: mmcam | E82: 41 | F82: 0 | G82: 15 | H82: 41 | I82: 0 | J82: 0 | K82: 0 | L82: 0 | M82: 0
D83: mmram | E83: 31 | F83: 1 | G83: 13 | H83: 31 | I83: 0 | J83: 0 | K83: 0 | L83: 0 | M83: 0
D84: ps | E84: 40 | F84: 0 | G84: 12 | H84: 40 | I84: 0 | J84: 0 | K84: 0 | L84: 0 | M84: 0
D85: fp | E85: 32 | F85: 1 | G85: 12 | H85: 32 | I85: 0 | J85: 0 | K85: 0 | L85: 0 | M85: 0
D86: ma | E86: 39 | F86: 0 | G86: 16 | H86: 39 | I86: 0 | J86: 0 | K86: 0 | L86: 0 | M86: 0
D87: copy | E87: 75 | F87: 8 | G87: 27 | H87: 75 | I87: 0 | J87: 0 | K87: 0 | L87: 0 | M87: 0
D88: b | E88: 27 | F88: 1 | G88: 9 | H88: 27 | I88: 0 | J88: 0 | K88: 0 | L88: 0 | M88: 0
B91: others | E91: =SUM(E92:E100) -> 66 | F91: =SUM(F92:F100) -> 50 | G91: =SUM(G92:G100) -> 35 | H91: =SUM(H92:H100) -> 66 | I91: =SUM(I92:I100) -> 0.5 | J91: =SUM(J92:J100) -> 0 | K91: =SUM(K92:K100) -> 0 | L91: =SUM(L92:L100) -> 1 | M91: =SUM(M92:M100) -> 1
C92: ddp_ins | E92: 30 | F92: 9 | G92: 13 | H92: 30 | I92: 0.5 | J92: 0 | K92: 0 | L92: 0 | M92: 0
C93: pb0 | E93: 9 | F93: 15 | G93: 6 | H93: 9 | I93: 0 | J93: 0 | K93: 0 | L93: 0 | M93: 0
C94: re0 | E94: 3 | F94: 0 | G94: 2 | H94: 3 | I94: 0 | J94: 0 | K94: 0 | L94: 0 | M94: 0
C95: re1 | E95: 4 | F95: 0 | G95: 1 | H95: 4 | I95: 0 | J95: 0 | K95: 0 | L95: 0 | M95: 0
C96: re2 | E96: 5 | F96: 0 | G96: 2 | H96: 5 | I96: 0 | J96: 0 | K96: 0 | L96: 0 | M96: 0
C97: re3 | E97: 5 | F97: 0 | G97: 2 | H97: 5 | I97: 0 | J97: 0 | K97: 0 | L97: 0 | M97: 0
C98: sendcounter | E98: 10 | F98: 24 | G98: 8 | H98: 10 | I98: 0 | J98: 0 | K98: 0 | L98: 0 | M98: 0
C99: sync_mo | E99: 0 | F99: 2 | G99: 1 | H99: 0 | I99: 0 | J99: 0 | K99: 0 | L99: 0 | M99: 0
C100: cw0 | E100: 0 | F100: 0 | G100: 0 | H100: 0 | I100: 0 | J100: 0 | K100: 0 | L100: 1 | M100: 1
A104: POWER | B104: FIRLowpass | C104: 動作時 | D104: 停止時 | F104: mul | G104: 動作時 | H104: 停止時
B105: 0 | C105: 1.504 | D105: 1.476 | F105: 0 | G105: 1.591
B106: 0 | C106: 1.504 | D106: 1.461 | F106: 0 | G106: 1.591
B107: 1 | C107: 1.497 | D107: 1.466 | F107: 1 | G107: 1.581
B108: 1 | C108: 1.494 | D108: 1.464 | F108: 1 | G108: 1.581
B109: 2 | C109: 1.494 | D109: 1.464 | F109: 2 | G109: 1.601
B110: 2 | C110: 1.494 | D110: 1.464 | F110: 2 | G110: 1.591
B111: 3 | C111: 1.517 | D111: 1.466 | F111: 3 | G111: 1.581
B112: 3 | C112: 1.504 | D112: 1.466 | F112: 3 | G112: 1.591
B113: 4 | C113: 1.504 | D113: 1.466 | F113: 4 | G113: 1.594
B114: 4 | C114: 1.497 | D114: 1.459 | F114: 4 | G114: 1.591
...

Sheet DDP_Datasheet_32bit
A1: Data=32bit 回路規模と電力 | P1: 動作周波数の導出
A2: Module name | C2: Utilization | E2: LUT | F2: SliceRegi | G2: Slice | H2: LUTasLogic | I2: BRAM | J2: DSPs | K2: BondedIOB | L2: BUFGCTRL | M2: PLLE2_ADV | P2: パケット送信周期 | R2: 5050 | S2: [ns]
A3: TOP | E3: 11126 | F3: 7776 | G3: 4260 | H3: 11126 | I3: 12.5 | J3: 16 | K3: 17 | L3: 2 | M3: 1 | P3: M~MM | Q3: ステージ通過パケット数 | R3: 74 | S3: [Packet]
B4: ddp0 | E4: 2757 | F4: 1914 | G4: 1022 | H4: 2757 | I4: 3 | J4: 4 | K4: 0 | L4: 0 | M4: 0 | Q4: 動作周期 | R4: =R2/R3 -> 68.243243 | S4: [ns]
C5: M | E5: 44 | F5: 108 | G5: 33 | H5: 44 | I5: 0 | J5: 0 | K5: 0 | L5: 0 | M5: 0 | Q5: 動作周波数 | R5: 14.653 | S5: [MHz]
C6: MMCAM | E6: 745 | F6: 1342 | G6: 428 | H6: 745 | I6: 0 | J6: 0 | K6: 0 | L6: 0 | M6: 0 | P6: PS～MA | Q6: ステージ通過パケット数 | R6: 62 | S6: [Packet]
C7: MMRAM | E7: 162 | F7: 54 | G7: 60 | H7: 162 | I7: 1 | J7: 0 | K7: 0 | L7: 0 | M7: 0 | Q7: 動作周期 | R7: =R2/R6 -> 81.451613 | S7: [ns]
C8: PS | E8: 1 | F8: 84 | G8: 21 | H8: 1 | I8: 0.5 | J8: 0 | K8: 0 | L8: 0 | M8: 0 | Q8: 動作周波数 | R8: 12.27722 | S8: [MHz]
C9: FP | E9: 1344 | F9: 94 | G9: 361 | H9: 1344 | I9: 0 | J9: 4 | K9: 0 | L9: 0 | M9: 0 | P9: COPY～B | Q9: ステージ通過パケット数 | R9: 74 | S9: [Packet]
C10: MA | E10: 83 | F10: 57 | G10: 64 | H10: 83 | I10: 1 | J10: 0 | K10: 0 | L10: 0 | M10: 0 | Q10: 動作周期 | R10: =R2/R3 -> 68.243243 | S10: [ns]
C11: COPY | E11: 15 | F11: 56 | G11: 12 | H11: 15 | I11: 0 | J11: 0 | K11: 0 | L11: 0 | M11: 0 | Q11: 動作周波数 | R11: 14.653 | S11: [MHz]
C12: B | E12: 0 | F12: 54 | G12: 12 | H12: 0 | I12: 0.5 | J12: 0 | K12: 0 | L12: 0 | M12: 0
C13: C_output
C14: CC | E14: 364 | F14: 11 | G14: 110 | H14: 364 | I14: 0 | J14: 0 | K14: 0 | L14: 0 | M14: 0
D15: m | E15: 89 | F15: 0 | G15: 38 | H15: 89 | I15: 0 | J15: 0 | K15: 0 | L15: 0 | M15: 0
D16: mmcam | E16: 32 | F16: 0 | G16: 11 | H16: 32 | I16: 0 | J16: 0 | K16: 0 | L16: 0 | M16: 0
D17: mmram | E17: 29 | F17: 1 | G17: 10 | H17: 29 | I17: 0 | J17: 0 | K17: 0 | L17: 0 | M17: 0
D18: ps | E18: 35 | F18: 0 | G18: 10 | H18: 35 | I18: 0 | J18: 0 | K18: 0 | L18: 0 | M18: 0
D19: fp | E19: 31 | F19: 1 | G19: 12 | H19: 31 | I19: 0 | J19: 0 | K19: 0 | L19: 0 | M19: 0
D20: ma | E20: 42 | F20: 0 | G20: 15 | H20: 42 | I20: 0 | J20: 0 | K20: 0 | L20: 0 | M20: 0
D21: copy | E21: 54 | F21: 8 | G21: 17 | H21: 54 | I21: 0 | J21: 0 | K21: 0 | L21: 0 | M21: 0
D22: b | E22: 35 | F22: 1 | G22: 16 | H22: 35 | I22: 0 | J22: 0 | K22: 0 | L22: 0 | M22: 0
B26: ddp1 | E26: 2743 | F26: 1914 | G26: 1022 | H26: 2743 | I26: 3 | J26: 4 | K26: 0 | L26: 0 | M26: 0
C27: M | E27: 44 | F27: 108 | G27: 30 | H27: 44 | I27: 0 | J27: 0 | K27: 0 | L27: 0 | M27: 0
C28: MMCAM | E28: 745 | F28: 1342 | G28: 434 | H28: 745 | I28: 0 | J28: 0 | K28: 0 | L28: 0 | M28: 0
C29: MMRAM | E29: 158 | F29: 54 | G29: 56 | H29: 158 | I29: 1 | J29: 0 | K29: 0 | L29: 0 | M29: 0
C30: PS | E30: 1 | F30: 84 | G30: 19 | H30: 1 | I30: 0.5 | J30: 0 | K30: 0 | L30: 0 | M30: 0
C31: FP | E31: 1351 | F31: 94 | G31: 373 | H31: 1351 | I31: 4 | J31: 0 | K31: 0 | L31: 0 | M31: 0
C32: MA | E32: 87 | F32: 57 | G32: 58 | H32: 87 | I32: 1 | J32: 0 | K32: 0 | L32: 0 | M32: 0
C33: COPY | E33: 16 | F33: 56 | G33: 14 | H33: 16 | I33: 0 | J33: 0 | K33: 0 | L33: 0 | M33: 0
C34: B | E34: 0 | F34: 54 | G34: 12 | H34: 0 | I34: 0.5 | J34: 0 | K34: 0 | L34: 0 | M34: 0
C35: C_output | K35: 0 | L35: 0 | M35: 0
C36: CC | E36: 340 | F36: 11 | G36: 97 | H36: 340 | I36: 0 | J36: 0 | K36: 0 | L36: 0 | M36: 0
D37: m | E37: 80 | F37: 0 | G37: 24 | H37: 80 | I37: 0 | J37: 0 | K37: 0 | L37: 0 | M37: 0
D38: mmcam | E38: 32 | F38: 0 | G38: 9 | H38: 32 | I38: 0 | J38: 0 | K38: 0 | L38: 0 | M38: 0
D39: mmram | E39: 29 | F39: 1 | G39: 12 | H39: 29 | I39: 0 | J39: 0 | K39: 0 | L39: 0 | M39: 0
D40: ps | E40: 35 | F40: 0 | G40: 12 | H40: 35 | I40: 0 | J40: 0 | K40: 0 | L40: 0 | M40: 0
D41: fp | E41: 28 | F41: 1 | G41: 11 | H41: 28 | I41: 0 | J41: 0 | K41: 0 | L41: 0 | M41: 0
D42: ma | E42: 39 | F42: 0 | G42: 12 | H42: 39 | I42: 0 | J42: 0 | K42: 0 | L42: 0 | M42: 0
D43: copy | E43: 66 | F43: 8 | G43: 22 | H43: 66 | I43: 0 | J43: 0 | K43: 0 | L43: 0 | M43: 0
D44: b | E44: 29 | F44: 1 | G44: 11 | H44: 29 | I44: 0 | J44: 0 | K44: 0 | L44: 0 | M44: 0
B48: ddp2 | E48: 2741 | F48: 1914 | G48: 1043 | H48: 2741 | I48: 3 | J48: 4 | K48: 0 | L48: 0 | M48: 0
C49: M | E49: 44 | F49: 108 | G49: 36 | H49: 44 | I49: 0 | J49: 0 | K49: 0 | L49: 0 | M49: 0
C50: MMCAM | E50: 745 | F50: 1342 | G50: 430 | H50: 745 | I50: 0 | J50: 0 | K50: 0 | L50: 0 | M50: 0
C51: MMRAM | E51: 153 | F51: 54 | G51: 55 | H51: 153 | I51: 0 | J51: 0 | K51: 0 | L51: 0 | M51: 0
C52: PS | E52: 1 | F52: 84 | G52: 26 | H52: 1 | I52: 0.5 | J52: 0 | K52: 0 | L52: 0 | M52: 0
C53: FP | E53: 1348 | F53: 94 | G53: 376 | H53: 1348 | I53: 0 | J53: 4 | K53: 0 | L53: 0 | M53: 0
C54: MA | E54: 83 | F54: 57 | G54: 59 | H54: 83 | I54: 1 | J54: 0 | K54: 0 | L54: 0 | M54: 0
C55: COPY | E55: 15 | F55: 56 | G55: 15 | H55: 15 | I55: 0 | J55: 0 | K55: 0 | L55: 0 | M55: 0
C56: B | E56: 0 | F56: 54 | G56: 10 | H56: 0 | I56: 0.5 | J56: 0 | K56: 0 | L56: 0 | M56: 0
C57: C_output | K57: 0 | L57: 0 | M57: 0
C58: CC | E58: 353 | F58: 11 | G58: 108 | H58: 353 | I58: 0 | J58: 0 | K58: 0 | L58: 0 | M58: 0
D59: m | E59: 72 | F59: 0 | G59: 23 | H59: 72 | I59: 0 | J59: 0 | K59: 0 | L59: 0 | M59: 0
D60: mmcam | E60: 331 | F60: 0 | G60: 10 | H60: 31 | I60: 0 | J60: 0 | K60: 0 | L60: 0 | M60: 0
D61: mmram | E61: 24 | F61: 1 | G61: 6 | H61: 24 | I61: 0 | J61: 0 | K61: 0 | L61: 0 | M61: 0
D62: ps | E62: 34 | F62: 0 | G62: 10 | H62: 34 | I62: 0 | J62: 0 | K62: 0 | L62: 0 | M62: 0
D63: fp | E63: 36 | F63: 1 | G63: 15 | H63: 36 | I63: 0 | J63: 0 | K63: 0 | L63: 0 | M63: 0
D64: ma | E64: 36 | F64: 0 | G64: 13 | H64: 36 | I64: 0 | J64: 0 | K64: 0 | L64: 0 | M64: 0
D65: copy | E65: 68 | F65: 8 | G65: 22 | H65: 68 | I65: 0 | J65: 0 | K65: 0 | L65: 0 | M65: 0
D66: b | E66: 34 | F66: 1 | G66: 15 | H66: 34 | I66: 0 | J66: 0 | K66: 0 | L66: 0 | M66: 0
B70: ddp3 | E70: 2758 | F70: 1914 | G70: 1043 | H70: 2741 | I70: 3 | J70: 4 | K70: 0 | L70: 0 | M70: 0
C71: M | E71: 44 | F71: 108 | G71: 61 | H71: 44 | I71: 0 | J71: 0 | K71: 0 | L71: 0 | M71: 0
C72: MMCAM | E72: 745 | F72: 1342 | G72: 464 | H72: 745 | I72: 0 | J72: 0 | K72: 0 | L72: 0 | M72: 0
C73: MMRAM | E73: 156 | F73: 54 | G73: 59 | H73: 156 | I73: 1 | J73: 0 | K73: 0 | L73: 0 | M73: 0
C74: PS | E74: 1 | F74: 84 | G74: 26 | H74: 1 | I74: 0.5 | J74: 0 | K74: 0 | L74: 0 | M74: 0
C75: FP | E75: 1348 | F75: 94 | G75: 374 | H75: 1348 | I75: 0 | J75: 4 | K75: 0 | L75: 0 | M75: 0
C76: MA | E76: 86 | F76: 57 | G76: 64 | H76: 86 | I76: 1 | J76: 0 | K76: 0 | L76: 0 | M76: 0
C77: COPY | E77: 15 | F77: 56 | G77: 14 | H77: 15 | I77: 0 | J77: 0 | K77: 0 | L77: 0 | M77: 0
C78: B | E78: 0 | F78: 54 | G78: 14 | H78: 0 | I78: 0.5 | J78: 0 | K78: 0 | L78: 0 | M78: 0
C79: C_output
C80: CC | E80: 365 | F80: 11 | G80: 111 | H80: 365 | I80: 0 | J80: 0 | K80: 0 | L80: 0 | M80: 0
D81: m | E81: 74 | F81: 0 | G81: 25 | H81: 25 | I81: 0 | J81: 0 | K81: 0 | L81: 0 | M81: 0
D82: mmcam | E82: 38 | F82: 0 | G82: 13 | H82: 38 | I82: 0 | J82: 0 | K82: 0 | L82: 0 | M82: 0
D83: mmram | E83: 32 | F83: 1 | G83: 12 | H83: 32 | I83: 0 | J83: 0 | K83: 0 | L83: 0 | M83: 0
D84: ps | E84: 42 | F84: 0 | G84: 13 | H84: 42 | I84: 0 | J84: 0 | K84: 0 | L84: 0 | M84: 0
D85: fp | E85: 34 | F85: 1 | G85: 13 | H85: 34 | I85: 0 | J85: 0 | K85: 0 | L85: 0 | M85: 0
D86: ma | E86: 37 | F86: 0 | G86: 14 | H86: 37 | I86: 0 | J86: 0 | K86: 0 | L86: 0 | M86: 0
D87: copy | E87: 66 | F87: 8 | G87: 25 | H87: 66 | I87: 0 | J87: 0 | K87: 0 | L87: 0 | M87: 0
D88: b | E88: 34 | F88: 1 | G88: 12 | H88: 34 | I88: 0 | J88: 0 | K88: 0 | L88: 0 | M88: 0
B91: others | E91: =SUM(E92:E100) -> 83 | F91: =SUM(F92:F100) -> 50 | G91: =SUM(G92:G100) -> 36 | H91: =SUM(H92:H100) -> 83 | I91: =SUM(I92:I100) -> 0.5 | J91: =SUM(J92:J100) -> 0 | K91: =SUM(K92:K100) -> 0 | L91: =SUM(L92:L100) -> 1
C92: ddp_ins | E92: 44 | F92: 9 | G92: 14 | H92: 44 | I92: 0.5 | J92: 0 | K92: 0 | L92: 0 | M92: 0
C93: pb0 | E93: 9 | F93: 15 | G93: 5 | H93: 9 | I93: 0 | J93: 0 | K93: 0 | L93: 0 | M93: 0
C94: re0 | E94: 5 | F94: 0 | G94: 2 | H94: 5 | I94: 0 | J94: 0 | K94: 0 | L94: 0 | M94: 0
C95: re1 | E95: 5 | F95: 0 | G95: 2 | H95: 5 | I95: 0 | J95: 0 | K95: 0 | L95: 0 | M95: 0
C96: re2 | E96: 5 | F96: 0 | G96: 2 | H96: 5 | I96: 0 | J96: 0 | K96: 0 | L96: 0 | M96: 0
C97: re3 | E97: 5 | F97: 0 | G97: 2 | H97: 5 | I97: 0 | J97: 0 | K97: 0 | L97: 0 | M97: 0
C98: sendcounter | E98: 10 | F98: 24 | G98: 8 | H98: 10 | I98: 0 | J98: 0 | K98: 0 | L98: 0 | M98: 0
C99: sync_mo | E99: 0 | F99: 2 | G99: 1 | H99: 0 | I99: 0 | J99: 0 | K99: 0 | L99: 0 | M99: 0
C100: cw0 | E100: 0 | F100: 0 | G100: 0 | H100: 0 | I100: 0 | J100: 0 | K100: 0 | L100: 1 | M100: 1
A103: プログラム：FIRLowpass | F103: 簡単なプログラム（乗算）
A104: POWER | B104: 時間 | C104: 動作時 | D104: 停止時 | F104: 時間 | G104: 動作時 | H104: 停止時
B105: 0 | C105: 1.515 | D105: 1.464 | F105: 0 | G105: 1.611 | H105: 未計測
B106: 0 | C106: 1.515 | D106: 1.464 | F106: 0 | G106: 1.611
B107: 1 | C107: 1.515 | D107: 1.466 | F107: 1 | G107: 1.611
B108: 1 | C108: 1.538 | D108: 1.476 | F108: 1 | G108: 1.611
B109: 2 | C109: 1.515 | D109: 1.476 | F109: 2 | G109: 1.614
B110: 2 | C110: 1.515 | D110: 1.466 | F110: 2 | G110: 1.611
B111: 3 | C111: 1.515 | D111: 1.476 | F111: 3 | G111: 1.624
B112: 3 | C112: 1.517 | D112: 1.474 | F112: 3 | G112: 1.621
B113: 4 | C113: 1.517 | D113: 1.466 | F113: 4 | G113: 1.621
...

Sheet Power estimation model
A1: ModelType | D1: X1 | E1: X2 | F1: X3 | G1: 切片（others）
A2: 試作モデル | B2: X1f+X2LUT+X3REG | D2: =Async回路回帰分析_グラフ出力!L107 -> 0.0039442682 | E2: =Async回路回帰分析_グラフ出力!L108 -> 5.6356442e-06 | F2: =Async回路回帰分析_グラフ出力!L109 -> 1.3464873e-05 | G2: =Async回路回帰分析_グラフ出力!L106 -> 1.3531911
A3: 提案モデルA | B3: (P-1.49)/f =X1NL+X2NR+Pothers | D3: =Async回路回帰分析_グラフ出力!B193 -> 1.8996082e-13 | E3: =Async回路回帰分析_グラフ出力!B194 -> 4.6329777e-13 | G3: =Async回路回帰分析_グラフ出力!B192 -> -7.0054889e-10
A4: 提案モデルB | B4: X1f(X2LUT+X3REG) | D4: =Async回路回帰分析_グラフ出力!L132 -> 2.132286e-07 | G4: =Async回路回帰分析_グラフ出力!L131 -> 1.48094
B6: FIRーDDPプログラム | C6: 周波数[MHz] | D6: LUT | E6: Reg | F6: 待機時電力 | G6: 試作モデル | H6: 提案モデルA | I6: 提案モデルB（f*(LUT+Reg)） | J6: 提案モデルB補正 | K6: X1*提案モデルB | L6: 実測電力 | N6: 簡単な乗算プログラム | O6: 実測電力 | P6: 周波数 | Q6: 提案モデルA | R6: 提案モデルB
A7: DDP16bit | B7: DDP | C7: =DDP_Datasheet_16bit!$R$5 -> 14.653 | D7: 1987 | E7: 2757 | F7: =DDP_Datasheet_16bit!D167 -> 1.4647581 | G7: =C7*$D$2+D7*$E$2+E7*$F$2 -> 0.10611604 | L7: =DDP_Datasheet_16bit!C167 -> 1.5057903 | N7: DDP | O7: =DDP_Datasheet_16bit!$G$167 -> 1.5900484 | P7: 20
B8: M | C8: =DDP_Datasheet_16bit!$R$5 -> 14.653 | D8: =DDP_Datasheet_16bit!E5+DDP_Datasheet_16bit!E15 -> 120 | E8: =DDP_Datasheet_16bit!F5+DDP_Datasheet_16bit!F15 -> 76 | G8: =C8*$D$2+D8*$E$2+E8*$F$2 -> 0.05949497 | H8: =C8*10^6*(D8*$D$3+E8*$E$3) -> 0.00084996089 | I8: =(C8*(D8+E8)) -> 2871.988 | K8: =I8*$D$4 -> 0.00061238998 | N8: M | P8: 20 | Q8: =P8*10^6*(D8*$D$3+E8*$E$3) -> 0.0011601186 | R8: =(P8*(D8+E8))*$D$4 -> 0.00083585611
B9: MMCAM | C9: =DDP_Datasheet_16bit!$R$5 -> 14.653 | D9: =DDP_Datasheet_16bit!E6+DDP_Datasheet_16bit!E16 -> 780 | E9: =DDP_Datasheet_16bit!F6+DDP_Datasheet_16bit!F16 -> 1326 | G9: =C9*$D$2+D9*$E$2+E9*$F$2 -> 0.080045586 | H9: =C9*10^6*(D9*$D$3+E9*$E$3) -> 0.011172946 | I9: =(C9*(D9+E9)) -> 30859.218 | K9: =I9*$D$4 -> 0.0065800678 | N9: MMCAM | P9: 20 | Q9: =P9*10^6*(D9*$D$3+E9*$E$3) -> 0.015250046 | R9: =(P9*(D9+E9))*$D$4 -> 0.0089811886
B10: MMRAM | C10: =DDP_Datasheet_16bit!$R$5 -> 14.653 | D10: =DDP_Datasheet_16bit!E7+DDP_Datasheet_16bit!E17 -> 130 | E10: =DDP_Datasheet_16bit!F7+DDP_Datasheet_16bit!F17 -> 39 | G10: =C10*$D$2+D10*$E$2+E10*$F$2 -> 0.059053126 | H10: =C10*10^6*(D10*$D$3+E10*$E$3) -> 0.00062661386 | I10: =(C10*(D10+E10)) -> 2476.357 | K10: =I10*$D$4 -> 0.00052803013 | N10: MMRAM | P10: 20 | Q10: =P10*10^6*(D10*$D$3+E10*$E$3) -> 0.00085527041 | R10: =(P10*(D10+E10))*$D$4 -> 0.00072071266
B11: PS | C11: =DDP_Datasheet_16bit!$R$8 -> 12.27722 | D11: =DDP_Datasheet_16bit!E8+DDP_Datasheet_16bit!E18 -> 36 | E11: =DDP_Datasheet_16bit!F8+DDP_Datasheet_16bit!F18 -> 52 | G11: =C11*$D$2+D11*$E$2+E11*$F$2 -> 0.049327705 | H11: =C11*10^6*(D11*$D$3+E11*$E$3) -> 0.00037973532 | I11: =(C11*(D11+E11)) -> 1080.3954 | K11: =I11*$D$4 -> 0.00023037119 | N11: PS | P11: 20 | Q11: =P11*10^6*(D11*$D$3+E11*$E$3) -> 0.00061860148 | R11: =(P11*(D11+E11))*$D$4 -> 0.00037528233
B12: FP | C12: =DDP_Datasheet_16bit!$R$8 -> 12.27722 | D12: =DDP_Datasheet_16bit!E9+DDP_Datasheet_16bit!E19 -> 686 | E12: =DDP_Datasheet_16bit!F9+DDP_Datasheet_16bit!F19 -> 63 | G12: =C12*$D$2+D12*$E$2+E12*$F$2 -> 0.053138987 | H12: =C12*10^6*(D12*$D$3+E12*$E$3) -> 0.0019582275 | I12: =(C12*(D12+E12)) -> 9195.6378 | K12: =I12*$D$4 -> 0.001960773 | N12: FP | P12: 20 | Q12: =P12*10^6*(D12*$D$3+E12*$E$3) -> 0.0031900177 | R12: =(P12*(D12+E12))*$D$4 -> 0.0031941644
B13: MA | C13: =DDP_Datasheet_16bit!$R$8 -> 12.27722 | D13: =DDP_Datasheet_16bit!E10+DDP_Datasheet_16bit!E20 -> 105 | E13: =DDP_Datasheet_16bit!F10+DDP_Datasheet_16bit!F20 -> 41 | F13: =C13*10^6*E13*E3 -> 0.00023320836 | G13: =C13*$D$2+D13*$E$2+E13*$F$2 -> 0.049568451 | H13: =C13*10^6*(D13*$D$3+E13*$E$3) -> 0.00047808839 | I13: =(C13*(D13+E13)) -> 1792.4741 | J13: =(C13*(E13)) -> 503.36602 | K13: =J13*$D$4 -> 0.00010733203 | N13: MA | P13: 20 | Q13: =P13*10^6*(D13*$D$3+E13*$E$3) -> 0.0007788219 | R13: =(P13*(D13+E13))*$D$4 -> 0.00062262751
B14: COPY | C14: =DDP_Datasheet_16bit!$R$5 -> 14.653 | D14: =DDP_Datasheet_16bit!E11+DDP_Datasheet_16bit!E21 -> 75 | E14: =DDP_Datasheet_16bit!F11+DDP_Datasheet_16bit!F21 -> 48 | G14: =C14*$D$2+D14*$E$2+E14*$F$2 -> 0.058864349 | H14: =C14*10^6*(D14*$D$3+E14*$E$3) -> 0.00053461991 | I14: =(C14*(D14+E14)) -> 1802.319 | K14: =I14*$D$4 -> 0.00038430595 | N14: COPY | P14: 20 | Q14: =P14*10^6*(D14*$D$3+E14*$E$3) -> 0.0007297071 | R14: =(P14*(D14+E14))*$D$4 -> 0.00052454235
B15: B | C15: =DDP_Datasheet_16bit!$R$5 -> 14.653 | D15: =DDP_Datasheet_16bit!E12+DDP_Datasheet_16bit!E22 -> 34 | E15: =DDP_Datasheet_16bit!F12+DDP_Datasheet_16bit!F22 -> 39 | G15: =C15*$D$2+D15*$E$2+E15*$F$2 -> 0.058512104 | H15: =C15*10^6*(D15*$D$3+E15*$E$3) -> 0.00035939825 | I15: =(C15*(D15+E15)) -> 1069.669 | K15: =I15*$D$4 -> 0.00022808402 | N15: B | P15: 20 | Q15: =P15*10^6*(D15*$D$3+E15*$E$3) -> 0.00049054562 | R15: =(P15*(D15+E15))*$D$4 -> 0.00031131375
B16: Total | D16: =SUM(D8:D15) -> 1966 | E16: =SUM(E8:E15) -> 1684 | G16: =SUM(G8:G15) -> 0.46800528 | H16: =SUM(H8:H15) -> 0.01635959 | K16: =SUM(K8:K15) -> 0.010631354 | N16: Total | Q16: =SUM(Q8:Q15) -> 0.023073129 | R16: =SUM(R8:R15) -> 0.015565688
B17: ＊４ | G17: =G16*4 -> 1.8720211 | H17: =H16*4 -> 0.065438361 | K17: =K16*4 -> 0.042525416 | N17: ＊４ | Q17: =Q16*4 -> 0.092292515 | R17: =R16*4 -> 0.062262751
B18: "+"others | G18: =G17+G2 -> 3.2252122 | H18: =H17+G3+1.49 -> 1.5554384 | K18: =G4+K17 -> 1.5234654 | N18: "+"others | Q18: =Q$17+$G$3+1.49 -> 1.5822925 | R18: =R$17+$G$4 -> 1.5432027
B19: 実測値との差 | G19: =L7-G18 -> -1.7194219 | H19: =L7-H18 -> -0.049648037 | K19: =L7-K18 -> -0.01767508 | N19: 実測値との差 | Q19: =O7-Q18 -> 0.0077558733 | R19: =O7-R18 -> 0.04684565
B20: 絶対誤差 | G20: =(G18-$L$7)/L7*100 -> 114.18734 | H20: =(H18-$L$7)/$L$7*100 -> 3.2971415 | K20: =(K18-$L$7)/$L$7*100 -> 1.1738075 | N20: 絶対誤差 | Q20: =(Q18-O7)/O7*100 -> -0.48777593 | R20: =(R18-O7)/O7*100 -> -2.9461776
C25: 周波数[MHz] | D25: LUT | E25: Reg | F25: 待機時電力 | G25: 試作モデル | H25: 提案モデルA | I25: 提案モデルB（f*(LUT+Reg)） | J25: 提案モデルB補正 | K25: X1*提案モデルB | L25: 実測値 | N25: 簡単な乗算プログラム | O25: 実測電力 | P25: 周波数 | Q25: 提案モデルA | R25: 提案モデルB
A26: DDP32bit | B26: DDP | C26: =DDP_Datasheet_16bit!$R$5 -> 14.653 | D26: =DDP_Datasheet_32bit!E4+DDP_Datasheet_32bit!E15 -> 2846 | E26: =DDP_Datasheet_32bit!F4 -> 1914 | F26: =DDP_Datasheet_32bit!D167 -> 1.4693387 | G26: =C26*$D$2+D26*$E$2+E26*$F$2 -> 0.099606172 | I26: =C26*(D26+E26) -> 69748.28 | L26: =DDP_Datasheet_32bit!C167 -> 1.5187581 | N26: DDP | O26: =DDP_Datasheet_32bit!G167 -> 1.6144355 | P26: 20
B27: M | C27: =DDP_Datasheet_16bit!$R$5 -> 14.653 | D27: =DDP_Datasheet_32bit!E5+DDP_Datasheet_32bit!E15 -> 133 | E27: =DDP_Datasheet_32bit!F5+DDP_Datasheet_32bit!F15 -> 108 | G27: =C27*$D$2+D27*$E$2+E27*$F$2 -> 0.059999109 | H27: =C27*10^6*(D27*$D$3+E27*$E$3) -> 0.0011033848 | I27: =C27*(D27+E27) -> 3531.373 | K27: =$D$4*I27 -> 0.00075298972 | N27: M | P27: 20 | Q27: =P27*10^6*(D27*$D$3+E27*$E$3) -> 0.001506019 | R27: =(P27*(D27+E27))*$D$4 -> 0.0010277618
B28: MMCAM | C28: =DDP_Datasheet_16bit!$R$5 -> 14.653 | D28: =DDP_Datasheet_32bit!E6+DDP_Datasheet_32bit!E16 -> 777 | E28: =DDP_Datasheet_32bit!F6+DDP_Datasheet_32bit!F16 -> 1342 | G28: =C28*$D$2+D28*$E$2+E28*$F$2 -> 0.080244117 | H28: =C28*10^6*(D28*$D$3+E28*$E$3) -> 0.011273215 | I28: =C28*(D28+E28) -> 31049.707 | K28: =$D$4*I28 -> 0.0066206855 | N28: MMCAM | P28: 20 | Q28: =P28*10^6*(D28*$D$3+E28*$E$3) -> 0.015386903 | R28: =(P28*(D28+E28))*$D$4 -> 0.009036628
B29: MMRAM | C29: =DDP_Datasheet_16bit!$R$5 -> 14.653 | D29: =DDP_Datasheet_32bit!E7+DDP_Datasheet_32bit!E17 -> 191 | E29: =DDP_Datasheet_32bit!F7+DDP_Datasheet_32bit!F17 -> 55 | G29: =C29*$D$2+D29*$E$2+E29*$F$2 -> 0.059612338 | H29: =C29*10^6*(D29*$D$3+E29*$E$3) -> 0.00090502635 | I29: =C29*(D29+E29) -> 3604.638 | K29: =$D$4*I29 -> 0.00076861191 | N29: MMRAM | P29: 20 | Q29: =P29*10^6*(D29*$D$3+E29*$E$3) -> 0.0012352779 | R29: =(P29*(D29+E29))*$D$4 -> 0.0010490847
B30: PS | C30: =DDP_Datasheet_16bit!$R$8 -> 12.27722 | D30: =DDP_Datasheet_32bit!E8+DDP_Datasheet_32bit!E18 -> 36 | E30: =DDP_Datasheet_32bit!F8+DDP_Datasheet_32bit!F18 -> 84 | G30: =C30*$D$2+D30*$E$2+E30*$F$2 -> 0.049758581 | H30: =C30*10^6*(D30*$D$3+E30*$E$3) -> 0.0005617516 | I30: =C30*(D30+E30) -> 1473.2664 | K30: =$D$4*I30 -> 0.00031414253 | N30: PS | P30: 20 | Q30: =P30*10^6*(D30*$D$3+E30*$E$3) -> 0.00091511205 | R30: =(P30*(D30+E30))*$D$4 -> 0.00051174864
B31: FP | C31: =DDP_Datasheet_16bit!$R$8 -> 12.27722 | D31: =DDP_Datasheet_32bit!E9+DDP_Datasheet_32bit!E19 -> 1375 | E31: =DDP_Datasheet_32bit!F9+DDP_Datasheet_32bit!F19 -> 95 | G31: =C31*$D$2+D31*$E$2+E31*$F$2 -> 0.057452822 | H31: =C31*10^6*(D31*$D$3+E31*$E$3) -> 0.0037471232 | I31: =C31*(D31+E31) -> 18047.513 | K31: =$D$4*I31 -> 0.003848246 | N31: FP | P31: 20 | Q31: =P31*10^6*(D31*$D$3+E31*$E$3) -> 0.0061041884 | R31: =(P31*(D31+E31))*$D$4 -> 0.0062689208
B32: MA | C32: =DDP_Datasheet_16bit!$R$8 -> 12.27722 | D32: =DDP_Datasheet_32bit!E10+DDP_Datasheet_32bit!E20 -> 125 | E32: =DDP_Datasheet_32bit!F10+DDP_Datasheet_32bit!F20 -> 57 | F32: =C32*10^6*E32*E3 -> 0.0003242165 | G32: =C32*$D$2+D32*$E$2+E32*$F$2 -> 0.049896602 | H32: =C32*10^6*(D32*$D$3+E32*$E$3) -> 0.00061574035 | I32: =C32*(D32+E32) -> 2234.454 | J32: =C32*E32 -> 699.80154 | K32: =$D$4*J32 -> 0.0001492177 | N32: MA | P32: 20 | Q32: =P32*10^6*(D32*$D$3+E32*$E$3) -> 0.0010030615 | R32: =(P32*(D32+E32))*$D$4 -> 0.0007761521
B33: COPY | C33: =DDP_Datasheet_16bit!$R$5 -> 14.653 | D33: =DDP_Datasheet_32bit!E11+DDP_Datasheet_32bit!E21 -> 69 | E33: =DDP_Datasheet_32bit!F11+DDP_Datasheet_32bit!F21 -> 64 | G33: =C33*$D$2+D33*$E$2+E33*$F$2 -> 0.059045973 | H33: =C33*10^6*(D33*$D$3+E33*$E$3) -> 0.00062653817 | I33: =C33*(D33+E33) -> 1948.849 | K33: =$D$4*I33 -> 0.00041555034 | N33: COPY | P33: 20 | Q33: =P33*10^6*(D33*$D$3+E33*$E$3) -> 0.00085516709 | R33: =(P33*(D33+E33))*$D$4 -> 0.00056718807
B34: B | C34: =DDP_Datasheet_16bit!$R$5 -> 14.653 | D34: =DDP_Datasheet_32bit!E12+DDP_Datasheet_32bit!E22 -> 35 | E34: =DDP_Datasheet_32bit!F12+DDP_Datasheet_32bit!F22 -> 55 | G34: =C34*$D$2+D34*$E$2+E34*$F$2 -> 0.058733178 | H34: =C34*10^6*(D34*$D$3+E34*$E$3) -> 0.00047080098 | I34: =C34*(D34+E34) -> 1318.77 | K34: =$D$4*I34 -> 0.00028119948 | N34: B | P34: 20 | Q34: =P34*10^6*(D34*$D$3+E34*$E$3) -> 0.00064260013 | R34: =(P34*(D34+E34))*$D$4 -> 0.00038381148
B35: Total | G35: =SUM(G27:G34) -> 0.47474272 | H35: =SUM(H27:H34) -> 0.01930358 | K35: =SUM(K27:K34) -> 0.013150643 | N35: Total | Q35: =SUM(Q27:Q34) -> 0.02764833 | R35: =SUM(R27:R34) -> 0.019621296
B36: ＊４ | G36: =G35*4 -> 1.8989709 | H36: =H35*4 -> 0.077214321 | K36: =K35*4 -> 0.052602573 | N36: ＊４ | Q36: =Q35*4 -> 0.11059332 | R36: =R35*4 -> 0.078485182
B37: "+"others | G37: =G36+G2 -> 3.252162 | H37: =H36+G3+1.49 -> 1.5672143 | K37: =K36+G4 -> 1.5335426 | N37: "+"others | Q37: =Q$36+$G$3+1.49 -> 1.6005933 | R37: =R36+$G$4 -> 1.5594252
B38: 実測値との差 | G38: =L26-G37 -> -1.7334039 | H38: =L26-H37 -> -0.048456256 | K38: =L26-K37 -> -0.014784495 | N38: 実測値との差 | Q38: =O26-Q37 -> 0.013842166 | R38: =O26-R37 -> 0.055010315
B39: 絶対誤差 | G39: =(G37-L26)/L26*100 -> 114.13298 | H39: =(H37-$L$26)/$L$26*100 -> 3.1905184 | K39: =(K37-$L$26)/$L$26*100 -> 0.97345949 | N39: 絶対誤差 | Q39: =(Q37-O26)/O26*100 -> -0.85739978 | R39: =(R37-O26)/O26*100 -> -3.4074025
